{"type": "FeatureCollection", "features": [{"type": "Feature", "properties": {}, "geometry": {"type": "LineString", "coordinates": [[0.0, 53.76113049075808], [0.13347415500004445, 53.642645575000074], [0.1492619150000678, 53.60960521000004], [0.13689212300005238, 53.57713450700004], [0.1096297540000819, 53.56289297100005], [0.1359969410000872, 53.610663153000075], [0.034515821000070446, 53.64606354400007], [0.0, 53.63774445519108]]}}, {"type": "Feature", "properties": {}, "geometry": {"type": "LineString", "coordinates": [[0.0, 53.53541476475158], [0.0959578790000819, 53.488348700000074], [0.15186608200008322, 53.475816148000035], [0.1678166020000731, 53.464504299000055], [0.17579186300008587, 53.43768952000005], [0.21949303500008455, 53.41950104400007], [0.21192467500009116, 53.41266510600008], [0.2293400400000678, 53.40477122600004], [0.2561141290000819, 53.375067450000074], [0.34213300900006516, 53.22630442900004], [0.35621178500008455, 53.18854401200008], [0.3566186860000471, 53.145738023000035], [0.32984459700008983, 53.08649323100008], [0.2824813160000872, 53.07485586100006], [0.19304446700004974, 53.02008698100008], [0.16081790500004445, 53.008978583000044], [0.08212324300006912, 52.938666083000044], [0.022146030000044448, 52.91258372600004], [0.008555535000084546, 52.89862702000005], [0.010264519000088512, 52.88646067900004], [0.10564212300005238, 52.88934967700004], [0.17090905000009116, 52.86212799700007], [0.24675540500004445, 52.79572174700007], [0.2644962900000678, 52.80369700700004], [0.32553144600007045, 52.803168036000045], [0.38453209700008983, 52.76837799700007], [0.37924238400006516, 52.79083893400008], [0.4386499360000471, 52.840725002000056], [0.45671634200004974, 52.89199453300006], [0.48568769600007045, 52.93349844000005], [0.5202742850000845, 52.95526764500005], [0.5695906910000872, 52.96930573100008], [0.6718856130000859, 52.97443268400008], [0.6643986340000652, 52.98187897300005], [0.6847436860000471, 52.986395575000074], [0.7504988940000885, 52.97443268400008], [0.8357039720000898, 52.97443268400008], [0.9684350920000497, 52.94749583500004], [1.013926629000082, 52.960150458000044], [0.9660750660000872, 52.96759674700007], [0.9660750660000872, 52.97443268400008], [1.2746688160000872, 52.92918528900003], [1.3960067070000832, 52.89142487200007], [1.6442163420000497, 52.775824286000045], [1.6733504570000832, 52.75568268400008], [1.6970320970000898, 52.73102448100008], [1.747243686000047, 52.62518952000005], [1.7407332690000885, 52.60390859600005], [1.7475692070000832, 52.53278229400007], [1.7711694670000497, 52.48590729400007], [1.7544051440000885, 52.46735260600008], [1.7292586600000845, 52.41559479400007], [1.7278751960000704, 52.39630768400008], [1.6836043630000859, 52.32453034100007], [1.6305444670000497, 52.27045319200005], [1.6308699880000859, 52.19977448100008], [1.582286004000082, 52.08148834800005], [1.5036727220000898, 52.060980536000045], [1.4868270190000885, 52.04901764500005], [1.4720158210000704, 52.05621979400007], [1.4638778000000912, 52.035142320000034], [1.3435164720000898, 51.94285716400009], [1.332286004000082, 51.94009023600006], [1.2644149100000845, 51.99437083500004], [1.2348738940000885, 52.00031159100007], [1.1852319670000497, 52.025091864000046], [1.1578882170000497, 52.028509833000044], [1.1578882170000497, 52.02167389500005], [1.2143660820000832, 51.991441148000035], [1.2707625660000872, 51.98151276200008], [1.2744246750000912, 51.96088288000004], [1.2057397800000444, 51.95343659100007], [1.1652938160000872, 51.96702708500004], [1.0691024100000845, 51.95343659100007], [1.0954695970000898, 51.945746161000045], [1.2620548840000652, 51.939154364000046], [1.2819930350000845, 51.946600653000075], [1.278493686000047, 51.92792389500005], [1.1995548840000652, 51.87767161700003], [1.2644149100000845, 51.86399974200003], [1.2866317070000832, 51.88165924700007], [1.288259311000047, 51.860581773000035], [1.2763778000000912, 51.84479401200008], [1.167816602000073, 51.790228583000044], [1.0654403000000912, 51.77529531500005], [1.0372827480000524, 51.78217194200005], [0.9798283210000704, 51.84357330900008], [0.9770613940000885, 51.82461172100005], [0.9620874360000471, 51.813788153000075], [0.8869735040000819, 51.782131252000056], [0.8737085300000444, 51.747300523000035], [0.8357039720000898, 51.733710028000075], [0.7671004570000832, 51.739447333000044], [0.6985783210000704, 51.720038153000075], [0.7492781910000872, 51.70848216400009], [0.7607528000000912, 51.692694403000075], [0.7890731130000859, 51.710150458000044], [0.8530379570000832, 51.71889883000006], [0.9300236340000652, 51.74359772300005], [0.9455672540000819, 51.733710028000075], [0.9381616550000444, 51.706366278000075], [0.9518335300000444, 51.67841217700004], [0.9379988940000885, 51.664496161000045], [0.9347436860000471, 51.63589101800005], [0.9114689460000704, 51.62384674700007], [0.9384871750000912, 51.624986070000034], [0.9518335300000444, 51.61701080900008], [0.9244897800000444, 51.588324286000045], [0.8733016290000819, 51.559475002000056], [0.7712508470000898, 51.52826569200005], [0.6505639980000524, 51.53579336100006], [0.5688582690000885, 51.50836823100008], [0.5527449880000859, 51.51797109600005], [0.45606530000009116, 51.505560614000046], [0.42847741000008455, 51.46710846600007], [0.38453209700008983, 51.453111070000034], [0.4484155610000471, 51.45994700700004], [0.4695744150000678, 51.48041413000004], [0.5348413420000497, 51.49168528900009], [0.6948348320000832, 51.47703685100004], [0.7094832690000885, 51.47052643400008], [0.7231551440000885, 51.44672272300005], [0.6923934250000912, 51.439520575000074], [0.6409611340000652, 51.44415924700007], [0.6093856130000859, 51.425116278000075], [0.5545353520000731, 51.412176825000074], [0.5859481130000859, 51.391058661000045], [0.7129012380000859, 51.38422272300005], [0.7003686860000471, 51.409816799000055], [0.7053328790000819, 51.41950104400007], [0.7264103520000731, 51.41901276200008], [0.7392684250000912, 51.387925523000035], [0.7644149100000845, 51.36440664300005], [0.9772241550000444, 51.34918854400007], [1.1009220710000704, 51.37323639500005], [1.4238387380000859, 51.39207591400009], [1.4482528000000912, 51.382879950000074], [1.4355574880000859, 51.343736070000034], [1.4186304050000444, 51.32965729400007], [1.3776147800000444, 51.326239325000074], [1.4130965500000912, 51.22174713700008], [1.4047957690000885, 51.18353913000004], [1.3844507170000497, 51.151678778000075], [1.3571883470000898, 51.13100820500006], [1.2629500660000872, 51.10325755400004], [1.2181095710000704, 51.10097890800006], [1.1920679050000444, 51.08258698100008], [1.1067000660000872, 51.07636139500005], [1.0669051440000885, 51.06439850500004], [1.027598504000082, 51.04165273600006], [0.9664819670000497, 50.98273346600007], [0.9798283210000704, 50.91815827000005], [0.9451603520000731, 50.909369208000044], [0.8022567070000832, 50.93919505400004], [0.7624617850000845, 50.930894273000035], [0.6643986340000652, 50.870306708000044], [0.6241968110000471, 50.858710028000075], [0.36524498800008587, 50.81899648600006], [0.3422957690000885, 50.79515208500004], [0.3081160820000832, 50.780951239000046], [0.2710067070000832, 50.747381903000075], [0.12208092500009116, 50.76080963700008], [0.09555097700007309, 50.775051174000055], [0.0, 50.788919710483725]]}}, {"type": "Feature", "properties": {}, "geometry": {"type": "LineString", "coordinates": [[19.002126498000052, 54.344916083000044], [19.377207879000082, 54.37763092700004], [19.499278191000087, 54.40639883000006], [19.53101647200009, 54.414943752000056], [19.592539910000085, 54.452378648000035], [19.626475457000083, 54.461004950000074], [19.626475457000083, 54.468451239000046], [19.73406009200005, 54.52570221600007], [19.831879102000073, 54.59813060100004], [19.883148634000065, 54.65619538000004], [19.896332227000073, 54.662176825000074], [19.90015709700009, 54.687567450000074], [19.956309441000087, 54.75690338700008], [19.958832227000073, 54.79682038000004], [19.920664910000085, 54.88959381700005], [19.94076582100007, 54.93439362200007], [19.976735873000052, 54.96458567900004], [19.99586022200009, 54.968085028000075], [20.03370201900009, 54.94818756700005], [20.205821160000085, 54.95844147300005], [20.365570509000065, 54.946193752000056], [20.482432488000086, 54.97553131700005], [20.634043816000087, 55.04877350500004], [20.822276238000086, 55.180975653000075], [20.999522332000083, 55.35700104400007], [21.04151451900009, 55.416083075000074], [21.082367384000065, 55.49762604400007], [21.09937584700009, 55.59870026200008], [21.090668165000068, 55.63312409100007], [21.09351647200009, 55.69554271000004], [21.085215691000087, 55.72284577000005], [21.117442254000082, 55.69977448100008], [21.131521030000044, 55.655585028000075], [21.133555535000085, 55.56830475500004], [21.119883660000085, 55.527044989000046], [21.119883660000085, 55.489447333000044], [21.087168816000087, 55.441066799000055], [21.106211785000085, 55.421210028000075], [21.073496941000087, 55.391791083000044], [21.037852410000085, 55.32859935100004], [20.988942905000044, 55.29132721600007], [20.989512566000087, 55.270412502000056], [20.94109134200005, 55.24868398600006], [20.937022332000083, 55.23773834800005], [20.91309655000009, 55.23322174700007], [20.834808790000068, 55.152044989000046], [20.687836134000065, 55.05068594000005], [20.533376498000052, 54.97357819200005], [20.53093509200005, 54.96466705900008], [20.558116082000083, 54.94082265800006], [20.763682488000086, 54.947699286000045], [20.80518639400009, 54.94082265800006], [20.86036217500009, 54.911322333000044], [20.969086134000065, 54.89980703300006], [21.039317254000082, 54.903998114000046], [21.055918816000087, 54.91445547100005], [21.078949415000068, 54.89980703300006], [21.090668165000068, 54.901556708000044], [21.106211785000085, 54.91351959800005], [21.23015384200005, 54.93891022300005], [21.243418816000087, 54.96124909100007], [21.219411655000044, 55.01325104400007], [21.18132571700005, 55.193345445000034], [21.18881269600007, 55.208319403000075], [21.20167076900009, 55.21442291900007], [21.23682701900009, 55.20062897300005], [21.267588738000086, 55.21173737200007], [21.273285352000073, 55.23265208500004], [21.264414910000085, 55.28400299700007], [21.285329623000052, 55.28705475500004], [21.291188998000052, 55.29706452000005], [21.274180535000085, 55.327337958000044], [21.25945071700005, 55.33624909100007], [21.257090691000087, 55.36937083500004], [21.24659264400009, 55.37018463700008], [21.18881269600007, 55.33860911700003], [21.18336022200009, 55.34617747600004], [21.22429446700005, 55.399318752000056], [21.248301629000082, 55.41787344000005], [21.248383009000065, 55.44232819200005], [21.222911004000082, 55.52020905200004], [21.19507897200009, 55.54718659100007], [21.19507897200009, 55.58510976800005], [21.15756269600007, 55.64175039300005], [21.147227410000085, 55.678168036000045], [21.09937584700009, 55.72907135600008], [21.074392123000052, 55.74494049700007], [21.060557488000086, 55.78925202000005], [21.04468834700009, 55.87372467700004], [21.04468834700009, 55.91771067900004], [21.05836022200009, 55.95184967700004], [21.052582227000073, 56.07754140800006], [21.028819207000083, 56.14740631700005], [20.98406009200005, 56.21043528900003], [20.969086134000065, 56.25348541900007], [20.982676629000082, 56.29075755400004], [20.970550977000073, 56.38898346600007], [21.003184441000087, 56.434800523000035], [21.010590040000068, 56.47573476800005], [21.00049889400009, 56.510646877000056], [21.00635826900009, 56.519964911000045], [21.024261915000068, 56.51048411700003], [21.04468834700009, 56.462103583000044], [21.030528191000087, 56.448431708000044], [21.04468834700009, 56.44220612200007], [21.04468834700009, 56.421128648000035], [21.030528191000087, 56.40810781500005], [21.061778191000087, 56.38703034100007], [21.07976321700005, 56.40306224200003], [21.068614129000082, 56.42405833500004], [21.072113477000073, 56.46954987200007], [21.05836022200009, 56.50364817900004], [21.030528191000087, 56.52415599200003], [21.003103061000047, 56.53001536700003], [20.992198113000086, 56.548895575000074], [21.05836022200009, 56.688666083000044], [21.065196160000085, 56.774318752000056], [21.052744988000086, 56.82892487200007], [21.065196160000085, 56.84634023600006], [21.222911004000082, 56.90770091400003], [21.277598504000082, 56.94912344000005], [21.360118035000085, 56.98969147300005], [21.38249759200005, 57.00893789300005], [21.413584832000083, 57.07318756700005], [21.414805535000085, 57.11383698100008], [21.401052280000044, 57.15131256700005], [21.414805535000085, 57.184881903000075], [21.41260826900009, 57.250067450000074], [21.421397332000083, 57.288723049000055], [21.449473504000082, 57.320013739000046], [21.48023522200009, 57.333644924000055], [21.517751498000052, 57.387600002000056], [21.589121941000087, 57.438788153000075], [21.699229363000086, 57.55532461100006], [21.729665561000047, 57.57379791900007], [21.771657748000052, 57.58612702000005], [21.999278191000087, 57.60032786700003], [22.48373457100007, 57.74249909100007], [22.600271030000044, 57.75804271000004], [22.61036217500009, 57.75462474200003], [22.600271030000044, 57.743841864000046], [22.59083092500009, 57.70612213700008], [22.590993686000047, 57.64476146000004], [22.656097852000073, 57.58576080900008], [22.878916863000086, 57.48126862200007], [22.950368686000047, 57.432806708000044], [23.031423373000052, 57.39447663000004], [23.13021894600007, 57.370794989000046], [23.13803144600007, 57.34316640800006], [23.174571160000085, 57.29734935100004], [23.198741082000083, 57.22418854400007], [23.22242272200009, 57.207017320000034], [23.260915561000047, 57.098944403000075], [23.29265384200005, 57.08893463700008], [23.340098504000082, 57.058579820000034], [23.508555535000085, 57.031236070000034], [23.56967207100007, 56.98627350500004], [23.632009311000047, 56.97093333500004], [23.695160352000073, 56.96727122600004], [23.866058790000068, 56.99017975500004], [23.95289147200009, 57.01325104400007], [23.99122155000009, 57.031236070000034], [24.03565514400009, 57.06899648600006], [24.074554884000065, 57.07493724200003], [24.210785352000073, 57.12372467700004], [24.21924889400009, 57.138006903000075], [24.278575066000087, 57.161037502000056], [24.278819207000083, 57.17177969000005], [24.28874759200005, 57.178900458000044], [24.379161004000082, 57.23021067900004], [24.400645379000082, 57.25812409100007], [24.408864780000044, 57.298163153000075], [24.37989342500009, 57.50653717700004], [24.375173373000052, 57.528550523000035], [24.358571811000047, 57.55036041900007], [24.37476647200009, 57.61347077000005], [24.357676629000082, 57.68549225500004], [24.299571160000085, 57.743841864000046], [24.285980665000068, 57.83258698100008], [24.296153191000087, 57.85736725500004], [24.324392123000052, 57.886786200000074], [24.333832227000073, 57.92133209800005], [24.381114129000082, 57.98383209800005], [24.398285352000073, 58.02326080900008], [24.464121941000087, 58.07217031500005], [24.464121941000087, 58.12055084800005], [24.472911004000082, 58.154730536000045], [24.45484459700009, 58.19643789300005], [24.467539910000085, 58.21784088700008], [24.470957879000082, 58.25092194200005], [24.54851321700005, 58.28929271000004], [24.560394727000073, 58.31232330900008], [24.551036004000082, 58.33372630400004], [24.528819207000083, 58.35065338700008], [24.444183790000068, 58.38613515800006], [24.36182701900009, 58.39728424700007], [24.315928582000083, 58.37995026200008], [24.295746290000068, 58.35496653900003], [24.28687584700009, 58.31854889500005], [24.243337436000047, 58.28021881700005], [24.210785352000073, 58.27138906500005], [24.15601647200009, 58.27684153900003], [24.111664259000065, 58.24103424700007], [24.083506707000083, 58.250881252000056], [24.05323326900009, 58.27826569200005], [23.98023522200009, 58.318426825000074], [23.854665561000047, 58.33966705900008], [23.833506707000083, 58.353949286000045], [23.80567467500009, 58.34650299700007], [23.77711022200009, 58.35496653900003], [23.75562584700009, 58.34003327000005], [23.740977410000085, 58.343085028000075], [23.718923373000052, 58.39956289300005], [23.68336022200009, 58.42218659100007], [23.67741946700005, 58.435248114000046], [23.684336785000085, 58.499660549000055], [23.678965691000087, 58.52415599200003], [23.66382897200009, 58.53620026200008], [23.62240644600007, 58.52912018400008], [23.584320509000065, 58.54486725500004], [23.573496941000087, 58.551947333000044], [23.561208530000044, 58.58315664300005], [23.546153191000087, 58.57990143400008], [23.516368035000085, 58.55463288000004], [23.501475457000083, 58.562486070000034], [23.498057488000086, 58.57221100500004], [23.518239780000044, 58.60374583500004], [23.49317467500009, 58.67340729400007], [23.49773196700005, 58.696600653000075], [23.506521030000044, 58.70538971600007], [23.535899285000085, 58.702785549000055], [23.54664147200009, 58.70962148600006], [23.530039910000085, 58.72284577000005], [23.533050977000073, 58.74746328300006], [23.58448326900009, 58.737941799000055], [23.69703209700009, 58.751166083000044], [23.75521894600007, 58.733587958000044], [23.80250084700009, 58.73069896000004], [23.804860873000052, 58.74799225500004], [23.783376498000052, 58.755845445000034], [23.779551629000082, 58.76642487200007], [23.785492384000065, 58.77798086100006], [23.81617272200009, 58.78461334800005], [23.87435957100007, 58.77167389500005], [23.815684441000087, 58.79995351800005], [23.78419030000009, 58.80097077000005], [23.757660352000073, 58.78534577000005], [23.739512566000087, 58.79800039300005], [23.603363477000073, 58.79482656500005], [23.54273522200009, 58.775376695000034], [23.485524936000047, 58.777329820000034], [23.42945397200009, 58.764837958000044], [23.46656334700009, 58.80072663000004], [23.526133660000085, 58.81976959800005], [23.463633660000085, 58.864162502000056], [23.455088738000086, 58.88300202000005], [23.42237389400009, 58.90867747600004], [23.422048373000052, 58.92869700700004], [23.443695509000065, 58.94403717700004], [23.510101759000065, 58.94159577000005], [23.531911655000044, 58.956691799000055], [23.58448326900009, 58.953558661000045], [23.624847852000073, 58.97260163000004], [23.628103061000047, 58.991400458000044], [23.62159264400009, 59.015326239000046], [23.605479363000086, 59.03266022300005], [23.559825066000087, 59.052801825000074], [23.614431186000047, 59.01129791900007], [23.580332879000082, 59.005072333000044], [23.559825066000087, 58.991400458000044], [23.552989129000082, 58.97089264500005], [23.543304884000065, 58.96987539300005], [23.525645379000082, 58.98395416900007], [23.461273634000065, 58.99237702000005], [23.408376498000052, 59.02558014500005], [23.436289910000085, 59.02558014500005], [23.429209832000083, 59.04360586100006], [23.43490644600007, 59.05609772300005], [23.49073326900009, 59.08828359600005], [23.518239780000044, 59.07330963700008], [23.519379102000073, 59.124986070000034], [23.486175977000073, 59.17413971600007], [23.470876498000052, 59.212144273000035], [23.525645379000082, 59.23041413000004], [23.578461134000065, 59.22630442900004], [23.641856316000087, 59.25739166900007], [23.662282748000052, 59.25828685100004], [23.730479363000086, 59.23041413000004], [23.742198113000086, 59.23940664300005], [23.742930535000085, 59.25014883000006], [23.72364342500009, 59.26508209800005], [23.73487389400009, 59.27773672100005], [23.75684655000009, 59.283636786000045], [23.888845248000052, 59.27875397300005], [24.038584832000083, 59.29328034100007], [24.08057701900009, 59.27130768400008], [24.10010826900009, 59.29450104400007], [24.092051629000082, 59.312567450000074], [24.019379102000073, 59.367254950000074], [24.022227410000085, 59.378119208000044], [24.04818769600007, 59.39508698100008], [24.08057701900009, 59.39545319200005], [24.164886915000068, 59.35407135600008], [24.19385826900009, 59.347723700000074], [24.221934441000087, 59.355169989000046], [24.21338951900009, 59.372259833000044], [24.16309655000009, 59.40228913000004], [24.306162957000083, 59.41909414300005], [24.333832227000073, 59.47060781500005], [24.422536655000044, 59.477443752000056], [24.498301629000082, 59.44383372600004], [24.54818769600007, 59.462958075000074], [24.642588738000086, 59.436428127000056], [24.660492384000065, 59.440619208000044], [24.656586134000065, 59.44989655200004], [24.621836785000085, 59.46312083500004], [24.621836785000085, 59.47060781500005], [24.658539259000065, 59.47207265800006], [24.674978061000047, 59.49603913000004], [24.697520379000082, 59.49103424700007], [24.744395379000082, 59.44721100500004], [24.772634311000047, 59.450100002000056], [24.79004967500009, 59.45892975500004], [24.81576582100007, 59.48932526200008], [24.806813998000052, 59.50470612200007], [24.783539259000065, 59.51984284100007], [24.772634311000047, 59.55996328300006], [24.803477410000085, 59.57050202000005], [24.90919030000009, 59.51154205900008], [25.0, 59.51675494169394]]}}, {"type": "Feature", "properties": {}, "geometry": {"type": "LineString", "coordinates": [[25.0, 60.160812998745826], [25.0, 60.16384432545474]]}}, {"type": "Feature", "properties": {}, "geometry": {"type": "LineString", "coordinates": [[25.0, 60.21273151928686], [24.95093834700009, 60.143459377000056], [24.845225457000083, 60.143744208000044], [24.834157748000052, 60.15582916900007], [24.870941602000073, 60.16168854400007], [24.86882571700005, 60.179754950000074], [24.842458530000044, 60.194647528000075], [24.806813998000052, 60.190619208000044], [24.827321811000047, 60.16266510600008], [24.772634311000047, 60.14215729400007], [24.679698113000086, 60.130113023000035], [24.670258009000065, 60.101223049000055], [24.656423373000052, 60.10097890800006], [24.64226321700005, 60.12909577000005], [24.63062584700009, 60.13629791900007], [24.55404707100007, 60.155951239000046], [24.549001498000052, 60.152777411000045], [24.560394727000073, 60.14215729400007], [24.596853061000047, 60.12726471600007], [24.58765709700009, 60.11481354400007], [24.548024936000047, 60.099676825000074], [24.54037519600007, 60.087551174000055], [24.608164910000085, 60.101223049000055], [24.57398522200009, 60.073919989000046], [24.594493035000085, 60.066473700000074], [24.594493035000085, 60.060248114000046], [24.52702884200005, 60.03534577000005], [24.46810957100007, 59.99640534100007], [24.445648634000065, 59.992254950000074], [24.416270379000082, 59.99135976800005], [24.464121941000087, 60.046576239000046], [24.446136915000068, 60.04751211100006], [24.37476647200009, 60.00495026200008], [24.36768639400009, 60.02204010600008], [24.312673373000052, 59.99750397300005], [24.319102410000085, 60.01414622600004], [24.357676629000082, 60.036037502000056], [24.367930535000085, 60.073919989000046], [24.31967207100007, 60.075832424000055], [24.29590905000009, 60.07221100500004], [24.278575066000087, 60.060248114000046], [24.292246941000087, 60.052801825000074], [24.25245201900009, 60.03974030200004], [24.176524285000085, 60.048041083000044], [24.158457879000082, 60.043036200000074], [24.15796959700009, 60.034491278000075], [24.18295332100007, 60.025458075000074], [24.164235873000052, 60.01943594000005], [24.10596764400009, 60.03192780200004], [24.06812584700009, 60.02057526200008], [24.046397332000083, 60.025458075000074], [24.028168165000068, 60.00934479400007], [24.009613477000073, 60.01056549700007], [24.002614780000044, 60.02098216400003], [24.01921634200005, 60.03974030200004], [24.000824415000068, 60.038275458000044], [23.955332879000082, 60.003566799000055], [23.873057488000086, 59.993068752000056], [23.799489780000044, 59.95661041900007], [23.77125084700009, 59.967962958000044], [23.607595248000052, 59.95661041900007], [23.573496941000087, 59.97768789300005], [23.42945397200009, 59.95661041900007], [23.483571811000047, 60.01129791900007], [23.540863477000073, 60.02912018400008], [23.534353061000047, 60.05369700700004], [23.546153191000087, 60.073919989000046], [23.509613477000073, 60.06745026200008], [23.490244988000086, 60.05548737200007], [23.478770379000082, 60.03611888200004], [23.453786655000044, 60.02798086100006], [23.439707879000082, 59.99445221600007], [23.40796959700009, 59.98041413000004], [23.36500084700009, 59.945379950000074], [23.326426629000082, 59.923041083000044], [23.237152540000068, 59.89801666900007], [23.22234134200005, 59.88621653900003], [23.222178582000083, 59.86782461100006], [23.233164910000085, 59.851996161000045], [23.25131269600007, 59.84796784100007], [23.25131269600007, 59.841131903000075], [23.06812584700009, 59.82078685100004], [23.00684655000009, 59.826157945000034], [22.888194207000083, 59.81317780200004], [22.946136915000068, 59.84796784100007], [23.168142123000052, 59.88890208500004], [23.16114342500009, 59.910223700000074], [23.165863477000073, 59.917669989000046], [23.24708092500009, 59.92243073100008], [23.293711785000085, 59.958685614000046], [23.326426629000082, 60.00934479400007], [23.332855665000068, 60.02985260600008], [23.315928582000083, 60.02240631700005], [23.24976647200009, 59.948472398000035], [23.223399285000085, 59.92987702000005], [23.20362389400009, 59.92987702000005], [23.209727410000085, 59.94354889500005], [23.18881269600007, 59.95018138200004], [23.168142123000052, 59.94354889500005], [23.17123457100007, 59.936428127000056], [23.13184655000009, 59.94293854400007], [23.11068769600007, 59.92328522300005], [23.10059655000009, 59.94041575700004], [23.111338738000086, 59.974269924000055], [23.20362389400009, 59.99750397300005], [23.25757897200009, 60.03974030200004], [23.205088738000086, 60.049709377000056], [23.106211785000085, 60.039048570000034], [23.035492384000065, 60.044582424000055], [22.996918165000068, 60.06207916900007], [22.99073326900009, 60.077337958000044], [22.997243686000047, 60.08966705900008], [23.04590905000009, 60.12164948100008], [23.025401238000086, 60.13532135600008], [23.00489342500009, 60.10736725500004], [22.969493035000085, 60.09438711100006], [22.95866946700005, 60.12156810100004], [22.90788821700005, 60.13178131700005], [22.87468509200005, 60.149603583000044], [22.885590040000068, 60.16933828300006], [22.867198113000086, 60.18374258000006], [22.92156009200005, 60.23114655200004], [23.00757897200009, 60.277004299000055], [23.04590905000009, 60.32709381700005], [23.082855665000068, 60.34589264500005], [23.08057701900009, 60.35504791900007], [23.06031334700009, 60.35732656500005], [23.03419030000009, 60.34393952000005], [22.998057488000086, 60.306626695000034], [22.94117272200009, 60.316473700000074], [22.877126498000052, 60.30109284100007], [22.736175977000073, 60.23818594000005], [22.52507571700005, 60.20425039300005], [22.59343509200005, 60.23216380400004], [22.573496941000087, 60.23493073100008], [22.57203209700009, 60.24266185100004], [22.59034264400009, 60.26227448100008], [22.64812259200005, 60.27871328300006], [22.574554884000065, 60.270819403000075], [22.50359134200005, 60.24705638200004], [22.449473504000082, 60.24518463700008], [22.459157748000052, 60.264960028000075], [22.540293816000087, 60.31899648600006], [22.545664910000085, 60.33392975500004], [22.627614780000044, 60.37539297100005], [22.63135826900009, 60.389553127000056], [22.624278191000087, 60.39907461100006], [22.580821160000085, 60.37592194200005], [22.54346764400009, 60.37254466400003], [22.463063998000052, 60.37555573100008], [22.483571811000047, 60.40216705900008], [22.29151451900009, 60.38263580900008], [22.181488477000073, 60.43048737200007], [22.116709832000083, 60.43695709800005], [22.101084832000083, 60.462144273000035], [22.064463738000086, 60.43634674700007], [22.047048373000052, 60.438788153000075], [22.01807701900009, 60.457464911000045], [22.01807701900009, 60.471136786000045], [21.981944207000083, 60.47675202000005], [21.983897332000083, 60.492254950000074], [21.935394727000073, 60.492254950000074], [21.950368686000047, 60.51894765800006], [21.903168165000068, 60.52887604400007], [21.853526238000086, 60.52578359600005], [21.843923373000052, 60.51552969000005], [21.87403405000009, 60.47797272300005], [21.80600019600007, 60.485988674000055], [21.785329623000052, 60.47797272300005], [21.802989129000082, 60.52513255400004], [21.807871941000087, 60.57558828300006], [21.819590691000087, 60.58502838700008], [21.846039259000065, 60.58783600500004], [21.828461134000065, 60.60639069200005], [21.840505405000044, 60.62872955900008], [21.73178144600007, 60.581732489000046], [21.678965691000087, 60.57648346600007], [21.66179446700005, 60.56732819200005], [21.66895592500009, 60.54523346600007], [21.65560957100007, 60.52594635600008], [21.654307488000086, 60.508978583000044], [21.641449415000068, 60.495754299000055], [21.612071160000085, 60.48883698100008], [21.558116082000083, 60.492254950000074], [21.58375084700009, 60.50503164300005], [21.56967207100007, 60.52643463700008], [21.517751498000052, 60.56732819200005], [21.57862389400009, 60.559881903000075], [21.57862389400009, 60.56732819200005], [21.48609459700009, 60.57416413000004], [21.442637566000087, 60.56732819200005], [21.408539259000065, 60.58038971600007], [21.408539259000065, 60.58783600500004], [21.428396030000044, 60.59406159100007], [21.414805535000085, 60.608303127000056], [21.46265709700009, 60.60175202000005], [21.469981316000087, 60.608303127000056], [21.379649285000085, 60.64704010600008], [21.35328209700009, 60.67658112200007], [21.35328209700009, 60.69017161700003], [21.438975457000083, 60.68032461100006], [21.445648634000065, 60.69285716400003], [21.422129754000082, 60.72500234600005], [21.469981316000087, 60.72500234600005], [21.469981316000087, 60.73114655200004], [21.42709394600007, 60.73651764500005], [21.387380405000044, 60.75234609600005], [21.422129754000082, 60.759100653000075], [21.400238477000073, 60.77456289300005], [21.374278191000087, 60.77960846600007], [21.380869988000086, 60.793402411000045], [21.374278191000087, 60.80760325700004], [21.360850457000083, 60.81622955900008], [21.346446160000085, 60.81313711100006], [21.328868035000085, 60.82754140800006], [21.32593834700009, 60.834865627000056], [21.33643639400009, 60.84471263200004], [21.318532748000052, 60.86469147300005], [21.40788821700005, 60.864569403000075], [21.428396030000044, 60.87579987200007], [21.380869988000086, 60.882025458000044], [21.35328209700009, 60.90253327000005], [21.390798373000052, 60.91681549700007], [21.428396030000044, 60.90253327000005], [21.412771030000044, 60.93349844000005], [21.392588738000086, 60.93903229400007], [21.33570397200009, 61.00458405200004], [21.318532748000052, 61.01235586100006], [21.339040561000047, 61.026597398000035], [21.31153405000009, 61.037543036000045], [21.298675977000073, 61.06012604400007], [21.387380405000044, 61.040269273000035], [21.408864780000044, 61.04328034100007], [21.407725457000083, 61.05072663000004], [21.36695397200009, 61.06012604400007], [21.395274285000085, 61.06940338700008], [21.453868035000085, 61.05499909100007], [21.482269727000073, 61.06012604400007], [21.45484459700009, 61.078192450000074], [21.450450066000087, 61.09076569200005], [21.463145379000082, 61.10114166900007], [21.43523196700005, 61.14272695500006], [21.469981316000087, 61.14956289300005], [21.442637566000087, 61.15574778900003], [21.456309441000087, 61.169989325000074], [21.442637566000087, 61.169989325000074], [21.503428582000083, 61.177435614000046], [21.49659264400009, 61.191107489000046], [21.558116082000083, 61.20416901200008], [21.54346764400009, 61.22508372600004], [21.476084832000083, 61.245754299000055], [21.50831139400009, 61.266831773000035], [21.503428582000083, 61.27985260600008], [21.544444207000083, 61.27985260600008], [21.544444207000083, 61.32086823100008], [21.530772332000083, 61.33445872600004], [21.524261915000068, 61.37531159100007], [21.503428582000083, 61.389105536000045], [21.44890384200005, 61.402777411000045], [21.47787519600007, 61.41156647300005], [21.541677280000044, 61.40839264500005], [21.572438998000052, 61.41640859600005], [21.51026451900009, 61.45799388200004], [21.422129754000082, 61.48533763200004], [21.55567467500009, 61.47516510600008], [21.592133009000065, 61.48533763200004], [21.565603061000047, 61.51947663000004], [21.51026451900009, 61.51947663000004], [21.469981316000087, 61.54682038000004], [21.460134311000047, 61.56240469000005], [21.482269727000073, 61.56785716400003], [21.507985873000052, 61.57013580900008], [21.623383009000065, 61.54588450700004], [21.68685957100007, 61.52448151200008], [21.716319207000083, 61.51947663000004], [21.716319207000083, 61.52692291900007], [21.61426842500009, 61.58543528900003], [21.591807488000086, 61.628119208000044], [21.53760826900009, 61.64984772300005], [21.544118686000047, 61.67283763200004], [21.517751498000052, 61.71124909100007], [21.570323113000086, 61.695013739000046], [21.585948113000086, 61.69765859600005], [21.48926842500009, 61.73696523600006], [21.469981316000087, 61.75971100500004], [21.489024285000085, 61.79913971600007], [21.48609459700009, 61.81118398600006], [21.444590691000087, 61.82632070500006], [21.44890384200005, 61.84162018400008], [21.403168165000068, 61.87641022300005], [21.39421634200005, 61.88939036700003], [21.414073113000086, 61.90688711100006], [21.39356530000009, 61.91323476800005], [21.38054446700005, 61.93781159100007], [21.325694207000083, 61.93781159100007], [21.277517123000052, 61.95148346600007], [21.294932488000086, 61.97134023600006], [21.236582879000082, 61.98501211100006], [21.24569536569741, 62.0]]}}, {"type": "Feature", "properties": {}, "geometry": {"type": "LineString", "coordinates": [[17.45248545198341, 62.0], [17.392100457000083, 61.99241771000004], [17.385996941000087, 61.96198151200008], [17.34815514400009, 61.94757721600007], [17.34424889400009, 61.92413971600007], [17.36459394600007, 61.88629791900007], [17.34351647200009, 61.87128327000005], [17.342621290000068, 61.85565827000005], [17.353770379000082, 61.847316799000055], [17.337412957000083, 61.82367584800005], [17.353688998000052, 61.81403229400007], [17.40560957100007, 61.82111237200007], [17.392914259000065, 61.80524323100008], [17.37159264400009, 61.80060455900008], [17.37159264400009, 61.79315827000005], [17.38835696700005, 61.788316148000035], [17.385915561000047, 61.74603913000004], [17.399180535000085, 61.722357489000046], [17.483083530000044, 61.73456452000005], [17.51417076900009, 61.71381256700005], [17.52003014400009, 61.69122955900008], [17.496348504000082, 61.63507721600007], [17.461599155000044, 61.62962474200003], [17.432871941000087, 61.63939036700003], [17.36231530000009, 61.70913320500006], [17.33057701900009, 61.718085028000075], [17.35092207100007, 61.67715078300006], [17.313161655000044, 61.68195221600007], [17.29981530000009, 61.68992747600004], [17.30323326900009, 61.705064195000034], [17.26661217500009, 61.72162506700005], [17.13803144600007, 61.72553131700005], [17.150401238000086, 61.71430084800005], [17.199961785000085, 61.71124909100007], [17.26856530000009, 61.69082265800006], [17.259776238000086, 61.67413971600007], [17.228688998000052, 61.66307200700004], [17.166188998000052, 61.656683661000045], [17.166188998000052, 61.64984772300005], [17.193369988000086, 61.64232005400004], [17.164805535000085, 61.636419989000046], [17.11890709700009, 61.645819403000075], [17.097178582000083, 61.63613515800006], [17.22559655000009, 61.62201569200005], [17.247894727000073, 61.60883209800005], [17.22592207100007, 61.602850653000075], [17.150726759000065, 61.61790599200003], [17.083506707000083, 61.615668036000045], [17.083506707000083, 61.60883209800005], [17.134938998000052, 61.60594310100004], [17.145681186000047, 61.59520091400003], [17.05632571700005, 61.58218008000006], [17.082367384000065, 61.57127513200004], [17.18653405000009, 61.56102122600004], [17.18653405000009, 61.55418528900003], [17.09034264400009, 61.55605703300006], [17.080088738000086, 61.550482489000046], [17.166188998000052, 61.52692291900007], [17.166188998000052, 61.51947663000004], [17.124522332000083, 61.51947663000004], [17.124522332000083, 61.51325104400007], [17.17237389400009, 61.49896881700005], [17.177012566000087, 61.48688385600008], [17.151866082000083, 61.464829820000034], [17.16928144600007, 61.441107489000046], [17.192556186000047, 61.43699778900003], [17.20411217500009, 61.44822825700004], [17.22038821700005, 61.44798411700003], [17.217051629000082, 61.43390534100007], [17.166188998000052, 61.41640859600005], [17.136566602000073, 61.43707916900007], [17.127614780000044, 61.41828034100007], [17.10840905000009, 61.409369208000044], [17.10401451900009, 61.39935944200005], [17.13803144600007, 61.36928945500006], [17.20020592500009, 61.34813060100004], [17.201833530000044, 61.337103583000044], [17.276052280000044, 61.31403229400007], [17.213715040000068, 61.31342194200005], [17.151866082000083, 61.32831452000005], [17.166270379000082, 61.30841705900008], [17.247894727000073, 61.28729889500005], [17.205088738000086, 61.28851959800005], [17.135101759000065, 61.316107489000046], [17.097178582000083, 61.32086823100008], [17.097178582000083, 61.31403229400007], [17.180349155000044, 61.27602773600006], [17.20020592500009, 61.259426174000055], [17.212738477000073, 61.23529694200005], [17.17090905000009, 61.220038153000075], [17.151866082000083, 61.20416901200008], [17.18653405000009, 61.191107489000046], [17.181651238000086, 61.16596100500004], [17.15870201900009, 61.14956289300005], [17.178965691000087, 61.135972398000035], [17.182790561000047, 61.12323639500005], [17.171397332000083, 61.11505768400008], [17.145681186000047, 61.11473216400003], [17.193369988000086, 61.108587958000044], [17.199880405000044, 61.09589264500005], [17.181162957000083, 61.083685614000046], [17.168711785000085, 61.05931224200003], [17.166188998000052, 61.046535549000055], [17.18653405000009, 61.032863674000055], [17.15870201900009, 61.01984284100007], [17.235850457000083, 61.02228424700007], [17.247894727000073, 61.01235586100006], [17.188243035000085, 61.00458405200004], [17.16773522200009, 60.992173570000034], [17.158213738000086, 60.948431708000044], [17.205088738000086, 60.93390534100007], [17.202403191000087, 60.921535549000055], [17.216807488000086, 60.89935944200005], [17.23292076900009, 60.90460846600007], [17.246267123000052, 60.89801666900007], [17.28223717500009, 60.841009833000044], [17.258067254000082, 60.83274974200003], [17.259287957000083, 60.815659898000035], [17.28223717500009, 60.81313711100006], [17.283050977000073, 60.78115469000005], [17.33570397200009, 60.766913153000075], [17.31153405000009, 60.74526601800005], [17.19117272200009, 60.70172760600008], [17.186696811000047, 60.69236888200004], [17.257985873000052, 60.69440338700008], [17.278005405000044, 60.67987702000005], [17.36459394600007, 60.64923737200007], [17.323741082000083, 60.635646877000056], [17.323741082000083, 60.62872955900008], [17.33952884200005, 60.62299225500004], [17.38021894600007, 60.62441640800006], [17.41382897200009, 60.637925523000035], [17.574961785000085, 60.64789459800005], [17.658946160000085, 60.608303127000056], [17.603770379000082, 60.58413320500006], [17.638194207000083, 60.51544830900008], [17.670583530000044, 60.50409577000005], [17.741465691000087, 60.49843984600005], [17.72706139400009, 60.53473541900007], [17.76221764400009, 60.56329987200007], [17.81609134200005, 60.585272528000075], [17.918630405000044, 60.60016510600008], [17.948741082000083, 60.59918854400007], [17.974864129000082, 60.58783600500004], [17.995371941000087, 60.55304596600007], [17.98764082100007, 60.53074778900003], [17.967458530000044, 60.51894765800006], [17.967458530000044, 60.51211172100005], [18.018321160000085, 60.50226471600007], [18.098399285000085, 60.464911200000074], [18.111989780000044, 60.43695709800005], [18.143321160000085, 60.41356028900003], [18.17872155000009, 60.39891185100004], [18.26221764400009, 60.38239166900007], [18.207041863000086, 60.35504791900007], [18.207041863000086, 60.34760163000004], [18.23487389400009, 60.32709381700005], [18.296397332000083, 60.35504791900007], [18.427989129000082, 60.34878164300005], [18.44776451900009, 60.34137604400007], [18.44776451900009, 60.31346263200004], [18.474457227000073, 60.29979075700004], [18.474457227000073, 60.292954820000034], [18.42676842500009, 60.28620026200008], [18.56544030000009, 60.25934479400007], [18.60482832100007, 60.238348700000074], [18.563731316000087, 60.22760651200008], [18.400563998000052, 60.25958893400008], [18.31690514400009, 60.32094961100006], [18.330902540000068, 60.28571198100008], [18.44776451900009, 60.21108633000006], [18.43067467500009, 60.21035390800006], [18.392588738000086, 60.23216380400004], [18.399668816000087, 60.20783112200007], [18.419932488000086, 60.19350820500006], [18.506114129000082, 60.15574778900003], [18.53492272200009, 60.15888092700004], [18.54851321700005, 60.17413971600007], [18.55014082100007, 60.12909577000005], [18.578135613000086, 60.073919989000046], [18.589854363000086, 60.08885325700004], [18.59083092500009, 60.108303127000056], [18.578135613000086, 60.14215729400007], [18.65137780000009, 60.14826080900008], [18.685720248000052, 60.13080475500004], [18.720713738000086, 60.12604401200008], [18.735199415000068, 60.11481354400007], [18.74512780000009, 60.049709377000056], [18.79664147200009, 60.00495026200008], [18.753103061000047, 60.08218008000006], [18.765879754000082, 60.11107005400004], [18.803477410000085, 60.12164948100008], [18.81690514400009, 60.11758047100005], [18.824473504000082, 60.06830475500004], [18.903086785000085, 59.94721100500004], [18.922129754000082, 59.93431224200003], [19.00554446700005, 59.911810614000046], [19.00953209700009, 59.89630768400008], [19.032074415000068, 59.88149648600006], [19.043630405000044, 59.882066148000035], [19.03679446700005, 59.90253327000005], [19.07162519600007, 59.89630768400008], [19.067881707000083, 59.833685614000046], [19.034678582000083, 59.83502838700008], [18.916758660000085, 59.92129140800006], [18.885996941000087, 59.92987702000005], [18.93067467500009, 59.88548411700003], [18.93531334700009, 59.868475653000075], [18.924082879000082, 59.85228099200003], [18.861582879000082, 59.80304596600007], [18.82081139400009, 59.792669989000046], [18.754567905000044, 59.79116445500006], [18.738617384000065, 59.78278229400007], [18.733897332000083, 59.768784898000035], [18.789805535000085, 59.77903880400004], [19.04200280000009, 59.78497955900008], [19.085215691000087, 59.77220286700003], [19.074473504000082, 59.749701239000046], [19.035980665000068, 59.728501695000034], [18.95679772200009, 59.71922435100004], [18.941254102000073, 59.723822333000044], [18.913340691000087, 59.75177643400008], [18.87989342500009, 59.721584377000056], [18.781260613000086, 59.70156484600005], [18.757823113000086, 59.691066799000055], [18.75562584700009, 59.676662502000056], [18.714121941000087, 59.67324453300006], [18.708506707000083, 59.657456773000035], [18.693614129000082, 59.64935944200005], [18.742035352000073, 59.64935944200005], [18.735606316000087, 59.641506252000056], [18.700450066000087, 59.62140534100007], [18.660004102000073, 59.63568756700005], [18.68653405000009, 59.60578034100007], [18.63998457100007, 59.583644924000055], [18.59734134200005, 59.57404205900008], [18.54070071700005, 59.54584381700005], [18.48406009200005, 59.534409898000035], [18.379649285000085, 59.47638580900008], [18.269053582000083, 59.477443752000056], [18.269053582000083, 59.47060781500005], [18.30323326900009, 59.45697663000004], [18.24854576900009, 59.450100002000056], [18.282725457000083, 59.436428127000056], [18.276866082000083, 59.42255280200004], [18.293142123000052, 59.414048570000034], [18.337901238000086, 59.40851471600007], [18.307302280000044, 59.39679596600007], [18.18848717500009, 59.407416083000044], [18.15919030000009, 59.42218659100007], [18.182871941000087, 59.42804596600007], [18.207041863000086, 59.42218659100007], [18.199473504000082, 59.450873114000046], [18.18140709700009, 59.458197333000044], [18.14551842500009, 59.44383372600004], [18.113291863000086, 59.45465729400007], [18.08448326900009, 59.43895091400003], [18.098399285000085, 59.40851471600007], [18.06544030000009, 59.39716217700004], [18.008962436000047, 59.40851471600007], [18.14616946700005, 59.34023672100005], [18.09506269600007, 59.338405666000085], [18.095144076000054, 59.32680898600006], [18.17286217500009, 59.32656484600005], [18.19662519600007, 59.33417389500005], [18.220550977000073, 59.31976959800005], [18.254730665000068, 59.36277903900003], [18.31812584700009, 59.37592194200005], [18.38965905000009, 59.36945221600007], [18.44776451900009, 59.35390859600005], [18.42676842500009, 59.34023672100005], [18.47006269600007, 59.337103583000044], [18.481944207000083, 59.347723700000074], [18.44776451900009, 59.39545319200005], [18.495616082000083, 59.39545319200005], [18.437510613000086, 59.419256903000075], [18.42676842500009, 59.436428127000056], [18.484629754000082, 59.43423086100006], [18.536631707000083, 59.41596100500004], [18.54395592500009, 59.39545319200005], [18.61231530000009, 59.37494538000004], [18.600840691000087, 59.362494208000044], [18.54395592500009, 59.36815013200004], [18.63257897200009, 59.346909898000035], [18.646494988000086, 59.33026764500005], [18.638926629000082, 59.31509023600006], [18.619802280000044, 59.308294989000046], [18.51929772200009, 59.29828522300005], [18.461192254000082, 59.31244538000004], [18.364431186000047, 59.30658600500004], [18.337901238000086, 59.312933661000045], [18.34473717500009, 59.334051825000074], [18.291270379000082, 59.322699286000045], [18.27588951900009, 59.312933661000045], [18.30014082100007, 59.30133698100008], [18.31690514400009, 59.27875397300005], [18.283050977000073, 59.278998114000046], [18.272959832000083, 59.27423737200007], [18.279307488000086, 59.261704820000034], [18.361175977000073, 59.24079010600008], [18.412282748000052, 59.21503327000005], [18.42676842500009, 59.19684479400007], [18.33570397200009, 59.23590729400007], [18.313731316000087, 59.234076239000046], [18.31348717500009, 59.22211334800005], [18.365244988000086, 59.20990631700005], [18.387054884000065, 59.18309153900003], [18.406260613000086, 59.18939850500004], [18.392588738000086, 59.16889069200005], [18.429698113000086, 59.17462799700007], [18.43409264400009, 59.165228583000044], [18.424164259000065, 59.14394765800006], [18.343760613000086, 59.14175039300005], [18.290212436000047, 59.12055084800005], [18.311371290000068, 59.12099844000005], [18.324229363000086, 59.10809967700004], [18.20085696700005, 59.08075592700004], [18.255381707000083, 59.101263739000046], [18.241709832000083, 59.10809967700004], [18.255381707000083, 59.12055084800005], [18.22364342500009, 59.11953359600005], [18.18523196700005, 59.099310614000046], [18.138682488000086, 59.093817450000074], [18.09620201900009, 59.05833567900004], [18.043223504000082, 59.05971914300005], [18.05054772200009, 59.03856028900003], [18.013682488000086, 59.044907945000034], [18.002696160000085, 59.03856028900003], [18.01856530000009, 59.02289459800005], [17.961192254000082, 58.96344635600008], [17.970550977000073, 58.935980536000045], [17.961192254000082, 58.92251211100006], [17.93067467500009, 58.91006094000005], [17.899668816000087, 58.915716864000046], [17.892832879000082, 58.861029364000046], [17.869395379000082, 58.877020575000074], [17.865244988000086, 58.88882070500006], [17.871836785000085, 58.902044989000046], [17.861175977000073, 58.91909414300005], [17.814707879000082, 58.92820872600004], [17.773610873000052, 58.96067942900004], [17.787364129000082, 58.92552317900004], [17.803477410000085, 58.908270575000074], [17.786306186000047, 58.88422272300005], [17.77442467500009, 58.88621653900003], [17.78296959700009, 58.915716864000046], [17.749278191000087, 58.923814195000034], [17.751963738000086, 58.96507396000004], [17.741465691000087, 58.98395416900007], [17.755707227000073, 59.00633372600004], [17.756114129000082, 59.085191148000035], [17.768809441000087, 59.12055084800005], [17.758148634000065, 59.12592194200005], [17.732758009000065, 59.114447333000044], [17.72120201900009, 59.05898672100005], [17.710459832000083, 59.052801825000074], [17.66578209700009, 59.08075592700004], [17.693614129000082, 59.13141510600008], [17.680918816000087, 59.15338776200008], [17.658946160000085, 59.16889069200005], [17.673106316000087, 59.134751695000034], [17.64747155000009, 59.10805898600006], [17.61109459700009, 59.093817450000074], [17.62045332100007, 59.07257721600007], [17.614512566000087, 59.032131252000056], [17.631602410000085, 59.01813385600008], [17.60710696700005, 58.96596914300005], [17.597504102000073, 58.97089264500005], [17.576914910000085, 58.956691799000055], [17.61109459700009, 58.943019924000055], [17.60124759200005, 58.927801825000074], [17.62671959700009, 58.91779205900008], [17.617930535000085, 58.902044989000046], [17.59896894600007, 58.89411041900007], [17.535980665000068, 58.902044989000046], [17.590668165000068, 58.861029364000046], [17.569509311000047, 58.861029364000046], [17.58375084700009, 58.853583075000074], [17.55567467500009, 58.85415273600006], [17.447276238000086, 58.89520905200004], [17.469086134000065, 58.870428778000075], [17.449961785000085, 58.81586334800005], [17.488291863000086, 58.79962799700007], [17.459727410000085, 58.791449286000045], [17.337412957000083, 58.80646393400008], [17.37159264400009, 58.778998114000046], [17.376800977000073, 58.76439036700003], [17.357758009000065, 58.751166083000044], [17.276052280000044, 58.74884674700007], [17.276052280000044, 58.73069896000004], [17.162364129000082, 58.73200104400007], [17.13184655000009, 58.737534898000035], [17.08692467500009, 58.764837958000044], [17.028168165000068, 58.751166083000044], [17.083506707000083, 58.737534898000035], [17.077403191000087, 58.720363674000055], [17.062510613000086, 58.710191148000035], [17.08301842500009, 58.70286692900004], [17.145681186000047, 58.702785549000055], [17.145681186000047, 58.696600653000075], [17.093028191000087, 58.66083405200004], [16.974945509000065, 58.68537018400008], [16.953868035000085, 58.669256903000075], [17.00163821700005, 58.66787344000005], [17.035817905000044, 58.64130280200004], [16.924164259000065, 58.625433661000045], [16.23373457100007, 58.669256903000075], [16.23373457100007, 58.661810614000046], [16.257090691000087, 58.65176015800006], [16.26148522200009, 58.64305247600004], [16.25489342500009, 58.63450755400004], [16.179209832000083, 58.63450755400004], [16.179209832000083, 58.62832265800006], [16.214121941000087, 58.631293036000045], [16.22006269600007, 58.62083567900004], [16.240244988000086, 58.628119208000044], [16.285411004000082, 58.61591217700004], [16.333994988000086, 58.63914622600004], [16.37159264400009, 58.62055084800005], [16.37159264400009, 58.60374583500004], [16.38770592500009, 58.59162018400008], [16.40919030000009, 58.59662506700005], [16.428396030000044, 58.63939036700003], [16.439789259000065, 58.648138739000046], [16.517832879000082, 58.62457916900007], [16.635915561000047, 58.62677643400008], [16.748301629000082, 58.59292226800005], [16.74154707100007, 58.61399974200003], [16.789317254000082, 58.60716380400004], [16.779633009000065, 58.58869049700007], [16.785980665000068, 58.57273997600004], [16.830332879000082, 58.55939362200007], [16.816661004000082, 58.54637278900003], [16.844004754000082, 58.54637278900003], [16.834157748000052, 58.52952708500004], [16.884938998000052, 58.518459377000056], [16.940196160000085, 58.491115627000056], [16.844004754000082, 58.47748444200005], [16.85287519600007, 58.46308014500005], [16.830332879000082, 58.45209381700005], [16.765472852000073, 58.440659898000035], [16.748301629000082, 58.429022528000075], [16.597911004000082, 58.44863515800006], [16.539724155000044, 58.46816640800006], [16.441416863000086, 58.485988674000055], [16.41260826900009, 58.47748444200005], [16.44825280000009, 58.47479889500005], [16.70557701900009, 58.40770091400003], [16.714854363000086, 58.394964911000045], [16.709646030000044, 58.369126695000034], [16.714854363000086, 58.36017487200007], [16.754567905000044, 58.37376536700003], [16.76661217500009, 58.36859772300005], [16.77507571700005, 58.33966705900008], [16.631683790000068, 58.353949286000045], [16.699961785000085, 58.31915924700007], [16.698496941000087, 58.30170319200005], [16.72706139400009, 58.303615627000056], [16.72046959700009, 58.31915924700007], [16.799164259000065, 58.32363515800006], [16.789317254000082, 58.305568752000056], [16.76140384200005, 58.305568752000056], [16.754567905000044, 58.28510163000004], [16.70679772200009, 58.27826569200005], [16.70679772200009, 58.27138906500005], [16.802989129000082, 58.24469635600008], [16.789317254000082, 58.23725006700005], [16.82129967500009, 58.207098700000074], [16.822276238000086, 58.17963288000004], [16.788259311000047, 58.17926666900007], [16.809825066000087, 58.162095445000034], [16.777191602000073, 58.130519924000055], [16.721446160000085, 58.14984772300005], [16.617442254000082, 58.203111070000034], [16.632090691000087, 58.18573639500005], [16.671885613000086, 58.165269273000035], [16.686289910000085, 58.14789459800005], [16.65951582100007, 58.14789459800005], [16.73609459700009, 58.08478424700007], [16.714854363000086, 58.07957591400003], [16.71225019600007, 58.05951569200005], [16.686289910000085, 58.05853913000004], [16.740244988000086, 58.03978099200003], [16.754567905000044, 58.02496979400007], [16.737803582000083, 58.01422760600008], [16.72046959700009, 58.02496979400007], [16.691579623000052, 58.014837958000044], [16.686778191000087, 58.00873444200005], [16.699961785000085, 57.997707424000055], [16.67904707100007, 58.005113023000035], [16.65796959700009, 58.03534577000005], [16.644704623000052, 58.03864166900007], [16.631195509000065, 58.02789948100008], [16.63721764400009, 58.01447174700007], [16.65951582100007, 57.990220445000034], [16.686289910000085, 57.990220445000034], [16.70639082100007, 57.962103583000044], [16.73536217500009, 57.971909898000035], [16.74154707100007, 57.946193752000056], [16.782481316000087, 57.91510651200008], [16.727305535000085, 57.92877838700008], [16.736175977000073, 57.913763739000046], [16.76539147200009, 57.89883047100005], [16.768809441000087, 57.88784414300005], [16.758148634000065, 57.877020575000074], [16.723399285000085, 57.88349030200004], [16.682871941000087, 57.91889069200005], [16.67945397200009, 57.89838288000004], [16.670746290000068, 57.89142487200007], [16.610606316000087, 57.89468008000006], [16.61378014400009, 57.912095445000034], [16.603770379000082, 57.92877838700008], [16.644704623000052, 57.92133209800005], [16.51531009200005, 57.99884674700007], [16.498301629000082, 57.99298737200007], [16.494476759000065, 57.984035549000055], [16.504567905000044, 57.97016022300005], [16.532074415000068, 57.95026276200008], [16.590098504000082, 57.935614325000074], [16.569590691000087, 57.92133209800005], [16.576019727000073, 57.91128164300005], [16.572520379000082, 57.89394765800006], [16.562754754000082, 57.88784414300005], [16.524587436000047, 57.906317450000074], [16.480804884000065, 57.91510651200008], [16.494476759000065, 57.90208567900004], [16.487071160000085, 57.89468008000006], [16.46029707100007, 57.90208567900004], [16.46029707100007, 57.89468008000006], [16.70679772200009, 57.75063711100006], [16.699961785000085, 57.743841864000046], [16.68295332100007, 57.747300523000035], [16.635101759000065, 57.765692450000074], [16.541840040000068, 57.83901601800005], [16.419444207000083, 57.89468008000006], [16.438975457000083, 57.86538320500006], [16.530039910000085, 57.82526276200008], [16.594493035000085, 57.77289459800005], [16.61817467500009, 57.76658763200004], [16.665212436000047, 57.73700592700004], [16.65211022200009, 57.72955963700008], [16.69076582100007, 57.72565338700008], [16.714854363000086, 57.702826239000046], [16.69312584700009, 57.702826239000046], [16.69312584700009, 57.69599030200004], [16.70679772200009, 57.69599030200004], [16.70679772200009, 57.68854401200008], [16.63917076900009, 57.69232819200005], [16.576996290000068, 57.70966217700004], [16.619965040000068, 57.66665273600006], [16.61768639400009, 57.658270575000074], [16.583262566000087, 57.66193268400008], [16.591807488000086, 57.651678778000075], [16.624847852000073, 57.64142487200007], [16.63054446700005, 57.62909577000005], [16.562754754000082, 57.592962958000044], [16.554942254000082, 57.60618724200003], [16.555918816000087, 57.62714264500005], [16.53882897200009, 57.62067291900007], [16.52051842500009, 57.62714264500005], [16.542246941000087, 57.60732656500005], [16.52051842500009, 57.58612702000005], [16.542246941000087, 57.579291083000044], [16.542246941000087, 57.57249583500004], [16.51498457100007, 57.57249583500004], [16.51498457100007, 57.56631094000005], [16.629161004000082, 57.55687083500004], [16.688975457000083, 57.47174713700008], [16.65951582100007, 57.476263739000046], [16.672211134000065, 57.45966217700004], [16.63843834700009, 57.44896067900004], [16.63331139400009, 57.43707916900007], [16.639008009000065, 57.42670319200005], [16.672618035000085, 57.41547272300005], [16.625743035000085, 57.39899323100008], [16.631683790000068, 57.38076406500005], [16.572601759000065, 57.38743724200003], [16.547618035000085, 57.382513739000046], [16.53484134200005, 57.360256252000056], [16.569590691000087, 57.346584377000056], [16.54737389400009, 57.32880280200004], [16.562754754000082, 57.31928131700005], [16.485199415000068, 57.294623114000046], [16.469086134000065, 57.275376695000034], [16.494476759000065, 57.24290599200003], [16.465993686000047, 57.22801341400003], [16.458181186000047, 57.204006252000056], [16.465017123000052, 57.17731354400007], [16.50945071700005, 57.12734609600005], [16.55250084700009, 57.11009349200003], [16.569590691000087, 57.08649323100008], [16.55445397200009, 57.08075592700004], [16.583262566000087, 57.044907945000034], [16.53484134200005, 57.05174388200004], [16.53484134200005, 57.06346263200004], [16.527679884000065, 57.06537506700005], [16.500336134000065, 57.03974030200004], [16.439789259000065, 57.05174388200004], [16.473399285000085, 57.031236070000034], [16.473399285000085, 57.02383047100005], [16.453135613000086, 57.023504950000074], [16.439789259000065, 57.014105536000045], [16.43490644600007, 56.99787018400008], [16.439789259000065, 56.976629950000074], [16.46810957100007, 56.949286200000074], [16.436371290000068, 56.91111888200004], [16.439789259000065, 56.866848049000055], [16.40796959700009, 56.79913971600007], [16.428558790000068, 56.78294505400004], [16.46338951900009, 56.79783763200004], [16.472504102000073, 56.79437897300005], [16.47169030000009, 56.777411200000074], [16.45484459700009, 56.76829661700003], [16.41260826900009, 56.777411200000074], [16.36109459700009, 56.763739325000074], [16.356618686000047, 56.75844961100006], [16.377777540000068, 56.725897528000075], [16.379161004000082, 56.67560455900008], [16.37159264400009, 56.661322333000044], [16.34156334700009, 56.651271877000056], [16.301117384000065, 56.663275458000044], [16.246348504000082, 56.64240143400008], [16.220957879000082, 56.608710028000075], [16.207041863000086, 56.53851959800005], [16.17872155000009, 56.53705475500004], [16.166026238000086, 56.50800202000005], [16.095225457000083, 56.41937897300005], [16.038259311000047, 56.255072333000044], [16.020355665000068, 56.24640534100007], [16.00440514400009, 56.21942780200004], [15.932139519000089, 56.174709377000056], [15.87435957100007, 56.102728583000044], [15.851735873000052, 56.086371161000045], [15.78874759200005, 56.10643138200004], [15.826508009000065, 56.159369208000044], [15.806162957000083, 56.16791413000004], [15.731211785000085, 56.15721263200004], [15.713633660000085, 56.174709377000056], [15.70248457100007, 56.17023346600007], [15.64820397200009, 56.194566148000035], [15.592133009000065, 56.16054922100005], [15.57593834700009, 56.174709377000056], [15.596202019000089, 56.20376211100006], [15.586436394000089, 56.20888906500005], [15.492930535000085, 56.17633698100008], [15.479991082000083, 56.15184153900003], [15.43327884200005, 56.178900458000044], [15.40398196700005, 56.179754950000074], [15.37671959700009, 56.16107819200005], [15.365570509000065, 56.14109935100004], [15.320974155000044, 56.13963450700004], [15.295258009000065, 56.14740631700005], [15.322601759000065, 56.153631903000075], [15.295258009000065, 56.188381252000056], [15.273773634000065, 56.171210028000075], [15.234548373000052, 56.15721263200004], [15.192393425000091, 56.15289948100008], [15.154307488000086, 56.16864655200004], [15.093028191000087, 56.16107819200005], [15.07553144600007, 56.188381252000056], [15.034678582000083, 56.18154531500005], [15.049001498000052, 56.153631903000075], [14.953379754000082, 56.17291901200008], [14.90601647200009, 56.16120026200008], [14.848155144000089, 56.16396719000005], [14.849619988000086, 56.14740631700005], [14.830251498000052, 56.142645575000074], [14.774587436000047, 56.16791413000004], [14.701345248000052, 56.161363023000035], [14.685801629000082, 56.14740631700005], [14.682302280000044, 56.11713288000004], [14.703379754000082, 56.109442450000074], [14.767751498000052, 56.03070709800005], [14.715505405000044, 56.00234609600005], [14.705739780000044, 56.01703522300005], [14.685801629000082, 56.01703522300005], [14.673024936000047, 56.00531647300005], [14.611501498000052, 56.01113515800006], [14.623789910000085, 56.02448151200008], [14.607676629000082, 56.03701406500005], [14.60328209700009, 56.05805084800005], [14.582204623000052, 56.04376862200007], [14.569102410000085, 56.05805084800005], [14.49740644600007, 56.04047272300005], [14.407725457000083, 55.97703685100004], [14.346446160000085, 55.95331452000005], [14.323252800000091, 55.915716864000046], [14.271006707000083, 55.89447663000004], [14.234711134000065, 55.86269765800006], [14.208506707000083, 55.82127513200004], [14.195811394000089, 55.72565338700008], [14.205902540000068, 55.70856354400007], [14.273692254000082, 55.667629299000055], [14.276052280000044, 55.63499583500004], [14.28451582100007, 55.62295156500005], [14.358164910000085, 55.563666083000044], [14.367523634000065, 55.54539622600004], [14.36304772200009, 55.52362702000005], [14.348806186000047, 55.51056549700007], [14.264903191000087, 55.46124909100007], [14.199717644000089, 55.39899323100008], [14.158376498000052, 55.38719310100004], [14.06421959700009, 55.39077383000006], [13.956228061000047, 55.42682526200008], [13.897227410000085, 55.434881903000075], [13.842295769000089, 55.421210028000075], [13.780284050000091, 55.427435614000046], [13.647308790000068, 55.421210028000075], [13.629567905000044, 55.41828034100007], [13.580821160000085, 55.38882070500006], [13.503428582000083, 55.388373114000046], [13.410899285000085, 55.35228099200003], [13.312510613000086, 55.342678127000056], [13.115489129000082, 55.38027578300006], [13.030772332000083, 55.386419989000046], [12.979177280000044, 55.40326569200005], [12.932627800000091, 55.388006903000075], [12.886729363000086, 55.39325592700004], [12.832774285000085, 55.38255442900004], [12.828786655000044, 55.400091864000046], [12.859385613000086, 55.434881903000075], [12.904633009000065, 55.417954820000034], [12.929698113000086, 55.41876862200007], [12.965830925000091, 55.434881903000075], [12.963226759000065, 55.45425039300005], [12.98568769600007, 55.44790273600006], [12.975840691000087, 55.475043036000045], [12.928477410000085, 55.52000560100004], [12.917491082000083, 55.54718659100007], [12.92937259200005, 55.57892487200007], [13.038340691000087, 55.635199286000045], [13.05795332100007, 55.66071198100008], [13.054860873000052, 55.69403717700004], [13.01148522200009, 55.72842031500005], [12.97437584700009, 55.72646719000005], [12.965830925000091, 55.746161200000074], [12.922618035000085, 55.74945709800005], [12.911306186000047, 55.76386139500005], [12.931895379000082, 55.76947663000004], [12.938649936000047, 55.79047272300005], [12.926036004000082, 55.834051825000074], [12.850759311000047, 55.865668036000045], [12.821299675000091, 55.886704820000034], [12.804942254000082, 55.92926666900007], [12.770762566000087, 55.948431708000044], [12.752289259000065, 55.99656810100004], [12.719493035000085, 56.012152411000045], [12.70875084700009, 56.02130768400008], [12.698008660000085, 56.05149974200003], [12.602224155000044, 56.12319570500006], [12.553721550000091, 56.18154531500005], [12.54078209700009, 56.22247955900008], [12.504567905000044, 56.27533600500004], [12.451426629000082, 56.30442942900004], [12.64625084700009, 56.25726959800005], [12.666188998000052, 56.239447333000044], [12.70484459700009, 56.22247955900008], [12.796885613000086, 56.22809479400007], [12.814463738000086, 56.23615143400008], [12.833506707000083, 56.265692450000074], [12.82943769600007, 56.278550523000035], [12.783457879000082, 56.293402411000045], [12.73178144600007, 56.35968659100007], [12.643809441000087, 56.39606354400007], [12.621592644000089, 56.41933828300006], [12.656911655000044, 56.45526764500005], [12.713715040000068, 56.46735260600008], [12.833262566000087, 56.442572333000044], [12.890147332000083, 56.45526764500005], [12.93336022200009, 56.50653717700004], [12.934418165000068, 56.54706452000005], [12.903819207000083, 56.593003648000035], [12.88607832100007, 56.637152411000045], [12.871755405000044, 56.64948151200008], [12.73178144600007, 56.64704010600008], [12.679860873000052, 56.67959219000005], [12.664317254000082, 56.71430084800005], [12.615733269000089, 56.750067450000074], [12.594737175000091, 56.787990627000056], [12.598317905000044, 56.82099030200004], [12.533864780000044, 56.84634023600006], [12.52702884200005, 56.85993073100008], [12.499196811000047, 56.866848049000055], [12.469574415000068, 56.89203522300005], [12.375010613000086, 56.91205475500004], [12.356455925000091, 56.923814195000034], [12.342133009000065, 56.962958075000074], [12.354258660000085, 56.985663153000075], [12.340993686000047, 57.01406484600005], [12.27125084700009, 57.04287344000005], [12.24740644600007, 57.06073639500005], [12.245290561000047, 57.07904694200005], [12.218597852000073, 57.09271881700005], [12.23764082100007, 57.10805898600006], [12.233409050000091, 57.12148672100005], [12.204356316000087, 57.14793528900003], [12.197438998000052, 57.184881903000075], [12.149099155000044, 57.18829987200007], [12.191254102000073, 57.212591864000046], [12.13835696700005, 57.21967194200005], [12.10132897200009, 57.23672109600005], [12.156504754000082, 57.24290599200003], [12.09506269600007, 57.25039297100005], [12.119883660000085, 57.27533600500004], [12.147227410000085, 57.28546784100007], [12.144053582000083, 57.31012604400007], [12.104991082000083, 57.34454987200007], [12.067149285000085, 57.33978913000004], [12.049815300000091, 57.35114166900007], [12.10873457100007, 57.39435455900008], [12.06031334700009, 57.39435455900008], [12.092051629000082, 57.411363023000035], [12.059255405000044, 57.45880768400008], [12.043630405000044, 57.461818752000056], [12.006602410000085, 57.43414948100008], [11.992930535000085, 57.36603424700007], [11.979014519000089, 57.346584377000056], [11.972178582000083, 57.36408112200007], [11.933604363000086, 57.36082591400003], [11.944834832000083, 57.387600002000056], [11.903330925000091, 57.39435455900008], [11.915212436000047, 57.40338776200008], [11.903330925000091, 57.44896067900004], [11.907074415000068, 57.465277411000045], [11.944834832000083, 57.489935614000046], [11.910166863000086, 57.503607489000046], [11.931162957000083, 57.511053778000075], [11.903330925000091, 57.52411530200004], [11.91765384200005, 57.53953685100004], [11.91146894600007, 57.59528229400007], [11.916840040000068, 57.62091705900008], [11.897146030000044, 57.62714264500005], [11.891856316000087, 57.612982489000046], [11.867360873000052, 57.607407945000034], [11.834971550000091, 57.66193268400008], [11.844574415000068, 57.68301015800006], [11.90951582100007, 57.686835028000075], [11.923675977000073, 57.702826239000046], [11.845876498000052, 57.69330475500004], [11.74773196700005, 57.71360911700003], [11.751800977000073, 57.69599030200004], [11.705414259000065, 57.698431708000044], [11.706309441000087, 57.721991278000075], [11.810394727000073, 57.78139883000006], [11.807871941000087, 57.78807200700004], [11.789398634000065, 57.790269273000035], [11.751800977000073, 57.784816799000055], [11.686778191000087, 57.83763255400004], [11.656260613000086, 57.83942291900007], [11.703949415000068, 57.86050039300005], [11.693614129000082, 57.88117096600007], [11.707286004000082, 57.89142487200007], [11.759287957000083, 57.90208567900004], [11.745616082000083, 57.91510651200008], [11.766123894000089, 57.92877838700008], [11.736582879000082, 57.938666083000044], [11.80014082100007, 58.02228424700007], [11.802907748000052, 58.03656647300005], [11.78296959700009, 58.06915924700007], [11.800954623000052, 58.08641185100004], [11.793467644000089, 58.10008372600004], [11.81812584700009, 58.103176174000055], [11.828461134000065, 58.12124258000006], [11.841319207000083, 58.193793036000045], [11.875743035000085, 58.19916413000004], [11.889659050000091, 58.216782945000034], [11.860606316000087, 58.218410549000055], [11.851817254000082, 58.226629950000074], [11.844574415000068, 58.25336334800005], [11.81381269600007, 58.27826569200005], [11.808929884000065, 58.30219147300005], [11.82593834700009, 58.31655508000006], [11.882823113000086, 58.33283112200007], [11.870371941000087, 58.345363674000055], [11.806976759000065, 58.326605536000045], [11.726735873000052, 58.32709381700005], [11.725759311000047, 58.31297435100004], [11.678965691000087, 58.30744049700007], [11.581065300000091, 58.25092194200005], [11.525889519000089, 58.25775788000004], [11.539561394000089, 58.23725006700005], [11.505869988000086, 58.243068752000056], [11.496592644000089, 58.25836823100008], [11.50367272200009, 58.28021881700005], [11.541758660000085, 58.33356354400007], [11.622080925000091, 58.38812897300005], [11.607758009000065, 58.394964911000045], [11.621755405000044, 58.40599192900004], [11.669932488000086, 58.42218659100007], [11.652598504000082, 58.43740469000005], [11.628916863000086, 58.431341864000046], [11.588633660000085, 58.40110911700003], [11.553233269000089, 58.46320221600007], [11.547048373000052, 58.46320221600007], [11.551768425000091, 58.39935944200005], [11.541677280000044, 58.364935614000046], [11.522471550000091, 58.33624909100007], [11.465993686000047, 58.294134833000044], [11.39616946700005, 58.26459381700005], [11.416188998000052, 58.290350653000075], [11.443369988000086, 58.305568752000056], [11.443369988000086, 58.31297435100004], [11.399180535000085, 58.30296458500004], [11.389333530000044, 58.305568752000056], [11.383799675000091, 58.31818268400008], [11.401052280000044, 58.336818752000056], [11.44857832100007, 58.34174225500004], [11.422862175000091, 58.36383698100008], [11.424082879000082, 58.38812897300005], [11.406993035000085, 58.38735586100006], [11.370616082000083, 58.34747955900008], [11.345876498000052, 58.34601471600007], [11.424082879000082, 58.442694403000075], [11.348399285000085, 58.38812897300005], [11.334157748000052, 58.367621161000045], [11.306813998000052, 58.36005280200004], [11.25359134200005, 58.36591217700004], [11.231700066000087, 58.33966705900008], [11.220876498000052, 58.34625885600008], [11.224864129000082, 58.37067291900007], [11.204356316000087, 58.40110911700003], [11.208994988000086, 58.41893138200004], [11.259043816000087, 58.42218659100007], [11.251475457000083, 58.44232819200005], [11.293711785000085, 58.470038153000075], [11.257660352000073, 58.48216380400004], [11.238536004000082, 58.507879950000074], [11.252207879000082, 58.518459377000056], [11.25562584700009, 58.55573151200008], [11.286306186000047, 58.57990143400008], [11.265798373000052, 58.57990143400008], [11.269786004000082, 58.592230536000045], [11.252207879000082, 58.60716380400004], [11.259043816000087, 58.63450755400004], [11.21062259200005, 58.67918528900003], [11.218028191000087, 58.70795319200005], [11.18685957100007, 58.710191148000035], [11.17741946700005, 58.71857330900008], [11.178558790000068, 58.73647695500006], [11.189789259000065, 58.75299713700008], [11.21062259200005, 58.75739166900007], [11.206879102000073, 58.77094147300005], [11.233409050000091, 58.80817291900007], [11.231700066000087, 58.84369538000004], [11.20289147200009, 58.85492584800005], [11.197601759000065, 58.864162502000056], [11.190114780000044, 58.908270575000074], [11.197601759000065, 58.92251211100006], [11.146739129000082, 58.93121979400007], [11.119883660000085, 58.94086334800005], [11.108164910000085, 58.953558661000045], [11.117442254000082, 58.968817450000074], [11.183848504000082, 58.991400458000044], [11.12281334700009, 58.99408600500004], [11.11500084700009, 59.00820547100005], [11.129405144000089, 59.03119538000004], [11.193614129000082, 59.080145575000074], [11.22006269600007, 59.09015534100007], [11.320974155000044, 59.09951406500005], [11.354665561000047, 59.09162018400008], [11.393809441000087, 59.01943594000005], [11.429698113000086, 58.991400458000044], [11.437510613000086, 58.991400458000044], [11.437754754000082, 58.99823639500005], [11.403575066000087, 59.03856028900003], [11.389333530000044, 59.08075592700004], [11.37045332100007, 59.10065338700008], [11.31381269600007, 59.11517975500004], [11.21656334700009, 59.11041901200008], [11.182383660000085, 59.11603424700007], [11.170176629000082, 59.134751695000034], [11.174652540000068, 59.14093659100007], [11.20671634200005, 59.145697333000044], [11.178558790000068, 59.16498444200005], [11.176442905000044, 59.19684479400007], [11.135508660000085, 59.18317291900007], [11.15015709700009, 59.17519765800006], [11.153086785000085, 59.162543036000045], [11.135508660000085, 59.142238674000055], [11.11882571700005, 59.142279364000046], [11.087738477000073, 59.175767320000034], [11.099131707000083, 59.13418203300006], [11.091075066000087, 59.12799713700008], [11.032481316000087, 59.12799713700008], [11.039805535000085, 59.143744208000044], [11.007823113000086, 59.15912506700005], [10.998301629000082, 59.172308661000045], [10.948496941000087, 59.18333567900004], [10.936208530000044, 59.18317291900007], [10.944021030000044, 59.149318752000056], [10.934092644000089, 59.14036692900004], [10.916351759000065, 59.142238674000055], [10.900645379000082, 59.16400788000004], [10.90211022200009, 59.19684479400007], [10.850271030000044, 59.18036530200004], [10.84115644600007, 59.161444403000075], [10.822927280000044, 59.16396719000005], [10.802012566000087, 59.188788153000075], [10.779144727000073, 59.18939850500004], [10.784190300000091, 59.206284898000035], [10.766368035000085, 59.231756903000075], [10.772959832000083, 59.25210195500006], [10.738129102000073, 59.21670156500005], [10.733164910000085, 59.24091217700004], [10.743662957000083, 59.268011786000045], [10.779144727000073, 59.312933661000045], [10.734711134000065, 59.334051825000074], [10.700694207000083, 59.306708075000074], [10.674082879000082, 59.315741278000075], [10.65984134200005, 59.359361070000034], [10.642751498000052, 59.37494538000004], [10.659678582000083, 59.40021393400008], [10.591644727000073, 59.43065013200004], [10.601084832000083, 59.450100002000056], [10.644541863000086, 59.49315013200004], [10.656423373000052, 59.49787018400008], [10.662933790000068, 59.488714911000045], [10.648936394000089, 59.44383372600004], [10.662445509000065, 59.43789297100005], [10.685069207000083, 59.45026276200008], [10.690277540000068, 59.48065827000005], [10.663096550000091, 59.50470612200007], [10.651133660000085, 59.52643463700008], [10.646820509000065, 59.57257721600007], [10.656423373000052, 59.59467194200005], [10.625987175000091, 59.63727448100008], [10.61459394600007, 59.69717031500005], [10.597504102000073, 59.68455638200004], [10.575450066000087, 59.69961172100005], [10.56023196700005, 59.726223049000055], [10.563243035000085, 59.74835846600007], [10.61459394600007, 59.833685614000046], [10.655528191000087, 59.856675523000035], [10.680349155000044, 59.827337958000044], [10.717784050000091, 59.73810455900008], [10.758474155000044, 59.85016510600008], [10.745127800000091, 59.882066148000035], [10.752614780000044, 59.88890208500004], [10.74000084700009, 59.89516836100006], [10.688731316000087, 59.911769924000055], [10.666270379000082, 59.88890208500004], [10.621429884000065, 59.89630768400008], [10.594248894000089, 59.882066148000035], [10.529470248000052, 59.88231028900003], [10.475433790000068, 59.850043036000045], [10.473806186000047, 59.84137604400007], [10.498708530000044, 59.833685614000046], [10.484548373000052, 59.78864166900007], [10.491221550000091, 59.73126862200007], [10.502207879000082, 59.70872630400004], [10.539805535000085, 59.675034898000035], [10.582692905000044, 59.66205475500004], [10.599131707000083, 59.64398834800005], [10.61459394600007, 59.60773346600007], [10.59310957100007, 59.570379950000074], [10.54273522200009, 59.53554922100005], [10.48373457100007, 59.51447174700007], [10.436696811000047, 59.51837799700007], [10.42359459700009, 59.53384023600006], [10.429209832000083, 59.59784577000005], [10.397634311000047, 59.68805573100008], [10.360524936000047, 59.711004950000074], [10.332286004000082, 59.71149323100008], [10.266856316000087, 59.73973216400003], [10.238942905000044, 59.73875560100004], [10.22437584700009, 59.723822333000044], [10.257090691000087, 59.70107656500005], [10.360036655000044, 59.672756252000056], [10.379242384000065, 59.65835195500006], [10.394867384000065, 59.61115143400008], [10.381032748000052, 59.53534577000005], [10.364268425000091, 59.525824286000045], [10.269379102000073, 59.559027411000045], [10.237315300000091, 59.55996328300006], [10.267914259000065, 59.525051174000055], [10.331309441000087, 59.49506256700005], [10.369395379000082, 59.45526764500005], [10.458994988000086, 59.44086334800005], [10.477549675000091, 59.42963288000004], [10.480316602000073, 59.412095445000034], [10.446787957000083, 59.36473216400003], [10.444509311000047, 59.348944403000075], [10.498708530000044, 59.31976959800005], [10.514170769000089, 59.30292389500005], [10.487071160000085, 59.28412506700005], [10.469574415000068, 59.24778880400004], [10.416188998000052, 59.26508209800005], [10.360850457000083, 59.27130768400008], [10.361989780000044, 59.21954987200007], [10.330251498000052, 59.20966217700004], [10.317149285000085, 59.17959219000005], [10.313731316000087, 59.12799713700008], [10.289805535000085, 59.13458893400008], [10.286957227000073, 59.114894924000055], [10.306895379000082, 59.05971914300005], [10.29265384200005, 59.07013580900008], [10.272146030000044, 59.11432526200008], [10.269541863000086, 59.04779694200005], [10.262461785000085, 59.03856028900003], [10.231130405000044, 59.11432526200008], [10.22437584700009, 59.11432526200008], [10.211273634000065, 59.06655508000006], [10.23218834700009, 59.040350653000075], [10.227793816000087, 59.028957424000055], [10.207041863000086, 59.01642487200007], [10.140798373000052, 58.99994538000004], [10.114512566000087, 59.005072333000044], [10.16187584700009, 59.02753327000005], [10.16968834700009, 59.03546784100007], [10.16342207100007, 59.05231354400007], [10.059418165000068, 59.01813385600008], [10.016774936000047, 59.03367747600004], [10.033376498000052, 58.993475653000075], [10.014821811000047, 58.97313060100004], [9.957367384000065, 58.956691799000055], [9.846202019000089, 58.95563385600008], [9.81218509200005, 58.96344635600008], [9.838877800000091, 58.971869208000044], [9.845225457000083, 58.98932526200008], [9.836761915000068, 59.00934479400007], [9.781748894000089, 59.05117422100005], [9.765961134000065, 59.052394924000055], [9.758148634000065, 59.03237539300005], [9.72396894600007, 59.05971914300005], [9.706065300000091, 59.06427643400008], [9.703461134000065, 59.08698151200008], [9.688487175000091, 59.09076569200005], [9.683116082000083, 59.04604726800005], [9.668630405000044, 59.05145905200004], [9.648936394000089, 59.07330963700008], [9.641368035000085, 59.102443752000056], [9.628428582000083, 59.10809967700004], [9.640472852000073, 59.11758047100005], [9.639821811000047, 59.12726471600007], [9.63062584700009, 59.13141510600008], [9.60092207100007, 59.115668036000045], [9.539073113000086, 59.12055084800005], [9.559092644000089, 59.10236237200007], [9.621348504000082, 59.07526276200008], [9.634613477000073, 59.04946523600006], [9.654144727000073, 59.03729889500005], [9.726817254000082, 59.01520416900007], [9.72396894600007, 58.98395416900007], [9.703461134000065, 58.99823639500005], [9.684743686000047, 58.98346588700008], [9.655772332000083, 58.98395416900007], [9.655772332000083, 58.97711823100008], [9.67750084700009, 58.97260163000004], [9.689789259000065, 58.956691799000055], [9.663340691000087, 58.95880768400008], [9.594248894000089, 58.943019924000055], [9.607920769000089, 58.92869700700004], [9.57593834700009, 58.92145416900007], [9.47006269600007, 58.92869700700004], [9.523936394000089, 58.900051174000055], [9.51148522200009, 58.89520905200004], [9.455902540000068, 58.897691148000035], [9.450368686000047, 58.88153717700004], [9.399424675000091, 58.898504950000074], [9.373789910000085, 58.895412502000056], [9.360199415000068, 58.88153717700004], [9.39421634200005, 58.889878648000035], [9.40365644600007, 58.880926825000074], [9.38453209700009, 58.867254950000074], [9.33952884200005, 58.862616278000075], [9.318532748000052, 58.86603424700007], [9.298838738000086, 58.88153717700004], [9.27084394600007, 58.83315664300005], [9.312510613000086, 58.82632070500006], [9.379649285000085, 58.844183661000045], [9.450368686000047, 58.83315664300005], [9.436208530000044, 58.820298570000034], [9.367035352000073, 58.792181708000044], [9.408702019000089, 58.79962799700007], [9.408702019000089, 58.792181708000044], [9.370941602000073, 58.77802155200004], [9.340505405000044, 58.751166083000044], [9.306488477000073, 58.738714911000045], [9.249278191000087, 58.733587958000044], [9.070974155000044, 58.74119700700004], [9.058441602000073, 58.72703685100004], [9.062998894000089, 58.723822333000044], [9.143565300000091, 58.70978424700007], [9.169118686000047, 58.716457424000055], [9.100840691000087, 58.737534898000035], [9.214691602000073, 58.72162506700005], [9.216319207000083, 58.702785549000055], [9.186696811000047, 58.69159577000005], [9.059336785000085, 58.682928778000075], [9.15601647200009, 58.68854401200008], [9.182871941000087, 58.68634674700007], [9.20053144600007, 58.67234935100004], [9.15221528300009, 58.643273804000046], [9.033836547000078, 58.59475403200008], [8.990977410000085, 58.60032786700003], [8.971202019000089, 58.58673737200007], [8.949473504000082, 58.60032786700003], [8.913340691000087, 58.60687897300005], [8.94890384200005, 58.57965729400007], [8.95009437300007, 58.54718385600006], [8.943880357000069, 58.52598520000004], [8.909419211000056, 58.50089176200004], [8.823518643000057, 58.45281778800006], [8.754104478000045, 58.427586579000035], [8.707295191000071, 58.37891074300006], [8.641612175000091, 58.36391836100006], [8.607269727000073, 58.33283112200007], [8.588389519000089, 58.33417389500005], [8.579356316000087, 58.34747955900008], [8.545258009000065, 58.31297435100004], [8.51343834700009, 58.29336172100005], [8.506358269000089, 58.28310781500005], [8.518077019000089, 58.27138906500005], [8.501231316000087, 58.25722890800006], [8.455821160000085, 58.26406484600005], [8.435394727000073, 58.25775788000004], [8.42351321700005, 58.27020905200004], [8.409353061000047, 58.27204010600008], [8.400563998000052, 58.26581452000005], [8.406260613000086, 58.244208075000074], [8.353526238000086, 58.24469635600008], [8.295258009000065, 58.21271393400008], [8.243662957000083, 58.203111070000034], [8.271739129000082, 58.19627513200004], [8.248871290000068, 58.17133209800005], [8.227224155000044, 58.16315338700008], [8.223155144000089, 58.134833075000074], [8.201914910000085, 58.12299225500004], [8.172699415000068, 58.146144924000055], [8.15796959700009, 58.14447663000004], [8.122894727000073, 58.10203685100004], [8.047048373000052, 58.116888739000046], [8.024587436000047, 58.141058661000045], [8.07984459700009, 58.162095445000034], [8.060069207000083, 58.177394924000055], [8.029551629000082, 58.22483958500004], [8.004079623000052, 58.22304922100005], [8.022146030000044, 58.202826239000046], [8.027598504000082, 58.18317291900007], [8.022308790000068, 58.163763739000046], [8.00749759200005, 58.14447663000004], [7.9536238940000885, 58.124701239000046], [7.9340926440000885, 58.109442450000074], [7.956309441000087, 58.09324778900003], [7.91578209700009, 58.08185455900008], [7.7552189460000704, 58.070013739000046], [7.6959741550000444, 58.05853913000004], [7.663910352000073, 58.067287502000056], [7.653575066000087, 58.06464264500005], [7.6608992850000845, 58.04547760600008], [7.62671959700009, 58.05231354400007], [7.629242384000065, 58.031236070000034], [7.614756707000083, 58.02212148600006], [7.594086134000065, 58.02635325700004], [7.5788680350000845, 58.04547760600008], [7.5788680350000845, 58.01752350500004], [7.390635613000086, 58.01752350500004], [7.267588738000086, 58.03595612200007], [7.253428582000083, 58.04364655200004], [7.249847852000073, 58.05853913000004], [7.174978061000047, 58.03119538000004], [7.155528191000087, 58.05027903900003], [7.0827742850000845, 58.03685130400004], [7.076019727000073, 58.00653717700004], [7.0066024100000845, 57.99315013200004], [6.997243686000047, 57.99713776200008], [7.00359134200005, 58.011379299000055], [6.9993595710000704, 58.03070709800005], [7.087738477000073, 58.07062409100007], [7.116221550000091, 58.05853913000004], [7.147471550000091, 58.10008372600004], [7.064707879000082, 58.078111070000034], [7.03492272200009, 58.06232330900008], [6.93531334700009, 58.04547760600008], [6.996104363000086, 58.10008372600004], [6.980316602000073, 58.10537344000005], [6.900563998000052, 58.05231354400007], [6.912119988000086, 58.07501862200007], [6.90796959700009, 58.10008372600004], [6.866384311000047, 58.07957591400003], [6.832204623000052, 58.08429596600007], [6.804209832000083, 58.10008372600004], [6.87077884200005, 58.119208075000074], [6.9499617850000845, 58.12091705900008], [6.974782748000052, 58.12677643400008], [6.989268425000091, 58.141058661000045], [6.904144727000073, 58.13104889500005], [6.8737899100000845, 58.134833075000074], [6.8015242850000845, 58.179348049000055], [6.777598504000082, 58.18203359600005], [6.812836134000065, 58.128241278000075], [6.8079533210000704, 58.12055084800005], [6.731455925000091, 58.11985911700003], [6.7155867850000845, 58.134833075000074], [6.7273055350000845, 58.14520905200004], [6.72242272200009, 58.189439195000034], [6.6882430350000845, 58.12055084800005], [6.703379754000082, 58.120428778000075], [6.72242272200009, 58.10008372600004], [6.7825626960000704, 58.065334377000056], [6.754079623000052, 58.05809153900003], [6.722666863000086, 58.06598541900007], [6.6185001960000704, 58.06830475500004], [6.542002800000091, 58.10765208500004], [6.530528191000087, 58.12055084800005], [6.56812584700009, 58.13178131700005], [6.5970158210000704, 58.17649974200003], [6.6745711600000845, 58.18203359600005], [6.65406334700009, 58.189439195000034], [6.6751408210000704, 58.20697663000004], [6.845957879000082, 58.27138906500005], [6.802989129000082, 58.27045319200005], [6.68140709700009, 58.22304922100005], [6.633636915000068, 58.27484772300005], [6.640147332000083, 58.29376862200007], [6.656260613000086, 58.302801825000074], [6.69507897200009, 58.291896877000056], [6.70875084700009, 58.31297435100004], [6.68726647200009, 58.327337958000044], [6.640879754000082, 58.31635163000004], [6.619965040000068, 58.31915924700007], [6.626231316000087, 58.24469635600008], [6.562347852000073, 58.24310944200005], [6.499278191000087, 58.262884833000044], [6.400627956000051, 58.27222924400007], [6.203379754000082, 58.33551666900007], [6.14031009200005, 58.33966705900008], [6.050629102000073, 58.37946198100008], [6.010101759000065, 58.38491445500006], [5.978037957000083, 58.414496161000045], [5.964366082000083, 58.46816640800006], [5.954600457000083, 58.47748444200005], [5.79665267200005, 58.48924595700004], [5.77839094400008, 58.520899272000065], [5.741953415000069, 58.52700449100007], [5.70417068200004, 58.52076740800004], [5.64625084700009, 58.54865143400008], [5.652354561000038, 58.56273329600003], [5.571543816000087, 58.62832265800006], [5.50692261800009, 58.72989756100009], [5.477951160000089, 58.75474722700005], [5.526723268000069, 58.78411390400004], [5.539672727000038, 58.81547855800005], [5.530528191000087, 58.86871979400007], [5.56413821700005, 58.88153717700004], [5.572520379000082, 58.89402903900003], [5.55054772200009, 58.915716864000046], [5.537119988000086, 58.95612213700008], [5.617360873000052, 58.90729401200008], [5.626231316000087, 58.92560455900008], [5.55054772200009, 58.97089264500005], [5.570648634000065, 58.982082424000055], [5.59156334700009, 58.97711823100008], [5.5788680350000845, 58.98908112200007], [5.541026238000086, 58.98456452000005], [5.52320397200009, 58.991400458000044], [5.542491082000083, 59.00958893400008], [5.55054772200009, 59.03856028900003], [5.7155867850000845, 58.97711823100008], [5.701019727000073, 58.919134833000044], [5.702972852000073, 58.887600002000056], [5.7155867850000845, 58.867254950000074], [5.735524936000047, 58.92869700700004], [5.81812584700009, 58.93618398600006], [5.821787957000083, 58.96344635600008], [5.853526238000086, 58.96503327000005], [5.91960696700005, 58.94505442900004], [5.969981316000087, 58.903631903000075], [6.0925399100000845, 58.84723541900007], [6.135101759000065, 58.83958567900004], [6.228851759000065, 58.83999258000006], [6.206228061000047, 58.84902578300006], [6.118988477000073, 58.853583075000074], [6.082041863000086, 58.870794989000046], [6.057627800000091, 58.902044989000046], [6.105316602000073, 58.950384833000044], [6.194834832000083, 58.98395416900007], [6.626231316000087, 59.052801825000074], [6.626231316000087, 59.05971914300005], [6.3520613940000885, 59.03302643400008], [6.298675977000073, 59.01512278900003], [6.160411004000082, 58.99823639500005], [6.126800977000073, 58.983710028000075], [6.0338647800000444, 58.905178127000056], [5.9751082690000885, 58.96344635600008], [5.98406009200005, 58.984076239000046], [6.050791863000086, 58.99823639500005], [6.0091251960000704, 59.02558014500005], [5.9340926440000885, 59.01813385600008], [5.891856316000087, 59.045355536000045], [5.8754988940000885, 59.06622955900008], [5.87273196700005, 59.08698151200008], [5.890635613000086, 59.10390859600005], [6.126475457000083, 59.148423570000034], [6.008799675000091, 59.14935944200005], [6.064300977000073, 59.20722077000005], [6.171397332000083, 59.261419989000046], [6.252126498000052, 59.27724844000005], [6.32390384200005, 59.31500885600008], [6.4616805350000845, 59.31976959800005], [6.4616805350000845, 59.32656484600005], [6.3138126960000704, 59.32294342700004], [6.202403191000087, 59.277044989000046], [6.154144727000073, 59.26776764500005], [6.112315300000091, 59.27456289300005], [6.084971550000091, 59.306708075000074], [6.236338738000086, 59.312933661000045], [6.236338738000086, 59.31976959800005], [6.199229363000086, 59.351548570000034], [6.197601759000065, 59.33470286700003], [6.172129754000082, 59.32123444200005], [6.1469832690000885, 59.34023672100005], [6.12281334700009, 59.31976959800005], [6.0924585300000444, 59.31976959800005], [6.069183790000068, 59.33177317900004], [6.057627800000091, 59.35390859600005], [6.0540470710000704, 59.33462148600006], [6.037445509000065, 59.327460028000075], [5.9954533210000704, 59.334051825000074], [6.0415145190000885, 59.383693752000056], [6.153819207000083, 59.427394924000055], [6.1743270190000885, 59.44383372600004], [6.188649936000047, 59.42963288000004], [6.2161564460000704, 59.468085028000075], [6.222666863000086, 59.49787018400008], [6.2426863940000885, 59.51056549700007], [6.42750084700009, 59.55097077000005], [6.544200066000087, 59.55996328300006], [6.5052189460000704, 59.57127513200004], [6.336110873000052, 59.553615627000056], [6.2721460300000444, 59.52814362200007], [6.236338738000086, 59.525824286000045], [6.278575066000087, 59.57200755400004], [6.28874759200005, 59.62913646000004], [6.311534050000091, 59.655503648000035], [6.2864689460000704, 59.64923737200007], [6.266856316000087, 59.62563711100006], [6.237315300000091, 59.54979075700004], [6.1530054050000444, 59.459418036000045], [6.078135613000086, 59.41933828300006], [6.02702884200005, 59.40228913000004], [6.00953209700009, 59.40761953300006], [5.998301629000082, 59.42841217700004], [5.982595248000052, 59.42963288000004], [5.988617384000065, 59.41596100500004], [5.968923373000052, 59.40851471600007], [5.968923373000052, 59.40228913000004], [5.98609459700009, 59.39590078300006], [5.9954533210000704, 59.38117096600007], [5.924164259000065, 59.35578034100007], [5.910004102000073, 59.382025458000044], [5.886241082000083, 59.40228913000004], [5.886241082000083, 59.446966864000046], [5.924082879000082, 59.44611237200007], [6.153168165000068, 59.477443752000056], [6.1335555350000845, 59.49005768400008], [6.104340040000068, 59.49290599200003], [6.024668816000087, 59.474310614000046], [5.901866082000083, 59.47907135600008], [5.87273196700005, 59.487982489000046], [5.8344832690000885, 59.515611070000034], [5.81812584700009, 59.539496161000045], [5.8073836600000845, 59.53937409100007], [5.77711022200009, 59.525824286000045], [5.8034774100000845, 59.49477773600006], [5.807871941000087, 59.48029205900008], [5.7975366550000444, 59.46312083500004], [5.748383009000065, 59.44578685100004], [5.722829623000052, 59.451157945000034], [5.708262566000087, 59.47060781500005], [5.713715040000068, 59.44668203300006], [5.696462436000047, 59.42942942900004], [5.64616946700005, 59.40851471600007], [5.664398634000065, 59.40648021000004], [5.735524936000047, 59.42963288000004], [5.784190300000091, 59.42926666900007], [5.852549675000091, 59.38499583500004], [5.859629754000082, 59.350775458000044], [5.783539259000065, 59.34320709800005], [5.76343834700009, 59.347723700000074], [5.7526961600000845, 59.33624909100007], [5.738454623000052, 59.33478424700007], [5.70484459700009, 59.34023672100005], [5.6979272800000444, 59.33803945500006], [5.695160352000073, 59.31976959800005], [5.677744988000086, 59.309800523000035], [5.6119897800000444, 59.293036200000074], [5.609629754000082, 59.305568752000056], [5.618662957000083, 59.31688060100004], [5.64616946700005, 59.32656484600005], [5.64616946700005, 59.334051825000074], [5.623383009000065, 59.35455963700008], [5.5865991550000444, 59.41648997600004], [5.560720248000052, 59.40932851800005], [5.5852970710000704, 59.39545319200005], [5.567881707000083, 59.31635163000004], [5.529307488000086, 59.28579336100006], [5.505381707000083, 59.27773672100005], [5.475433790000068, 59.27875397300005], [5.435801629000082, 59.30768463700008], [5.423838738000086, 59.33047109600005], [5.440603061000047, 59.36981842700004], [5.441742384000065, 59.392238674000055], [5.433116082000083, 59.40509674700007], [5.413340691000087, 59.39545319200005], [5.404307488000086, 59.378973700000074], [5.406504754000082, 59.31635163000004], [5.399424675000091, 59.29669830900008], [5.390879754000082, 59.294623114000046], [5.37273196700005, 59.30719635600008], [5.365570509000065, 59.34023672100005], [5.349945509000065, 59.366441148000035], [5.358246290000068, 59.38719310100004], [5.3483992850000845, 59.41596100500004], [5.3326929050000444, 59.41152578300006], [5.3313908210000704, 59.35390859600005], [5.297211134000065, 59.34467194200005], [5.2312117850000845, 59.424261786000045], [5.2016707690000885, 59.42963288000004], [5.1823022800000444, 59.51121653900003], [5.1997176440000885, 59.524603583000044], [5.2426863940000885, 59.525824286000045], [5.2426863940000885, 59.53204987200007], [5.2016707690000885, 59.539496161000045], [5.2016707690000885, 59.54629140800006], [5.237803582000083, 59.55963776200008], [5.2903751960000704, 59.600897528000075], [5.3040470710000704, 59.628241278000075], [5.3442488940000885, 59.647650458000044], [5.385996941000087, 59.64935944200005], [5.401621941000087, 59.605536200000074], [5.413340691000087, 59.59467194200005], [5.427012566000087, 59.63568756700005], [5.399668816000087, 59.66982656500005], [5.411631707000083, 59.68919505400004], [5.489105665000068, 59.73810455900008], [5.481700066000087, 59.723822333000044], [5.502126498000052, 59.710150458000044], [5.50554446700005, 59.692694403000075], [5.498057488000086, 59.65058014500005], [5.480479363000086, 59.62132396000004], [5.487803582000083, 59.57501862200007], [5.45085696700005, 59.54629140800006], [5.4167586600000845, 59.54291413000004], [5.407725457000083, 59.52179596600007], [5.408050977000073, 59.50991445500006], [5.4167586600000845, 59.50470612200007], [5.5163680350000845, 59.539496161000045], [5.537364129000082, 59.57684967700004], [5.540049675000091, 59.59829336100006], [5.523610873000052, 59.61790599200003], [5.56413821700005, 59.676662502000056], [5.721934441000087, 59.66347890800006], [5.7309676440000885, 59.647650458000044], [5.7155867850000845, 59.60773346600007], [5.7544051440000885, 59.60984935100004], [5.76343834700009, 59.614569403000075], [5.766856316000087, 59.64557526200008], [5.789073113000086, 59.65643952000005], [5.8794051440000885, 59.655503648000035], [5.8794051440000885, 59.676662502000056], [5.788584832000083, 59.660142320000034], [5.76343834700009, 59.66233958500004], [5.746104363000086, 59.67552317900004], [5.81421959700009, 59.72907135600008], [5.886241082000083, 59.73810455900008], [5.894053582000083, 59.761786200000074], [5.9030867850000845, 59.76479726800005], [5.9340926440000885, 59.74494049700007], [5.985850457000083, 59.73574453300006], [6.038096550000091, 59.74518463700008], [6.191742384000065, 59.805975653000075], [6.215179884000065, 59.827460028000075], [6.2917586600000845, 59.84031810100004], [6.311534050000091, 59.85419342700004], [6.244313998000052, 59.84357330900008], [6.121918165000068, 59.804754950000074], [6.037119988000086, 59.76479726800005], [6.002289259000065, 59.75861237200007], [5.963877800000091, 59.75995514500005], [5.9340926440000885, 59.77903880400004], [5.934418165000068, 59.794623114000046], [5.9614363940000885, 59.81659577000005], [5.9575301440000885, 59.84125397300005], [5.968923373000052, 59.861029364000046], [5.946787957000083, 59.855536200000074], [5.9342554050000444, 59.841498114000046], [5.927256707000083, 59.80267975500004], [5.914398634000065, 59.791449286000045], [5.83171634200005, 59.77220286700003], [5.7903751960000704, 59.78925202000005], [5.759613477000073, 59.81659577000005], [5.715098504000082, 59.831732489000046], [5.7075301440000885, 59.83812083500004], [5.721853061000047, 59.861029364000046], [5.68140709700009, 59.841498114000046], [5.65984134200005, 59.83999258000006], [5.64616946700005, 59.85419342700004], [5.696543816000087, 59.86225006700005], [5.7429305350000845, 59.882066148000035], [5.740244988000086, 59.90989817900004], [5.7722274100000845, 59.93073151200008], [5.859629754000082, 59.95099518400008], [5.971527540000068, 59.95954010600008], [5.982595248000052, 59.98110586100006], [5.9477645190000885, 59.99750397300005], [6.010020379000082, 60.05744049700007], [6.097992384000065, 60.091864325000074], [6.291026238000086, 60.12164948100008], [6.291026238000086, 60.12909577000005], [6.266449415000068, 60.12763092700004], [6.256846550000091, 60.16266510600008], [6.233409050000091, 60.154730536000045], [6.2005314460000704, 60.125433661000045], [6.105316602000073, 60.10736725500004], [6.107758009000065, 60.134100653000075], [6.084320509000065, 60.16860586100006], [6.0749617850000845, 60.19839101800005], [6.14234459700009, 60.21548086100006], [6.181162957000083, 60.25885651200008], [6.209157748000052, 60.27680084800005], [6.2133895190000885, 60.28628164300005], [6.2016707690000885, 60.29979075700004], [6.277354363000086, 60.31346263200004], [6.309418165000068, 60.33783600500004], [6.3333439460000704, 60.34259674700007], [6.351817254000082, 60.36810944200005], [6.441661004000082, 60.38886139500005], [6.5026961600000845, 60.43081289300005], [6.574229363000086, 60.43195221600007], [6.64039147200009, 60.41648997600004], [6.571787957000083, 60.33075592700004], [6.578379754000082, 60.306626695000034], [6.530528191000087, 60.26227448100008], [6.510101759000065, 60.13532135600008], [6.5169376960000704, 60.08075592700004], [6.523773634000065, 60.08075592700004], [6.529144727000073, 60.16388580900008], [6.578379754000082, 60.224676825000074], [6.58179772200009, 60.23822663000004], [6.571543816000087, 60.27252838700008], [6.5963647800000444, 60.29486725500004], [6.630381707000083, 60.357489325000074], [6.65406334700009, 60.38239166900007], [6.701426629000082, 60.39940013200004], [6.748301629000082, 60.44635651200008], [6.802582227000073, 60.47280508000006], [6.9421492850000845, 60.492254950000074], [7.032481316000087, 60.477850653000075], [7.0787866550000444, 60.479396877000056], [7.1059676440000885, 60.505845445000034], [6.900563998000052, 60.505845445000034], [6.900563998000052, 60.51211172100005], [6.9251408210000704, 60.51788971600007], [6.932465040000068, 60.533189195000034], [6.96265709700009, 60.53937409100007], [7.01726321700005, 60.58783600500004], [6.98804772200009, 60.589544989000046], [6.9134220710000704, 60.55296458500004], [6.8559676440000885, 60.503241278000075], [6.772308790000068, 60.48533763200004], [6.656097852000073, 60.43301015800006], [6.605642123000052, 60.43374258000006], [6.592051629000082, 60.443793036000045], [6.6023055350000845, 60.46523672100005], [6.67359459700009, 60.50055573100008], [6.69507897200009, 60.51894765800006], [6.647715691000087, 60.513006903000075], [6.5618595710000704, 60.462958075000074], [6.37086022200009, 60.42462799700007], [6.297211134000065, 60.38857656500005], [6.270762566000087, 60.38963450700004], [6.2252710300000444, 60.41229889500005], [6.2083439460000704, 60.43081289300005], [6.195323113000086, 60.46430084800005], [6.17750084700009, 60.47101471600007], [6.184825066000087, 60.44037506700005], [6.211761915000068, 60.405951239000046], [6.2409774100000845, 60.387884833000044], [6.239431186000047, 60.378973700000074], [6.225433790000068, 60.37396881700005], [6.1921492850000845, 60.38344961100006], [6.118988477000073, 60.36810944200005], [6.188649936000047, 60.35504791900007], [6.14031009200005, 60.306626695000034], [6.1606551440000885, 60.28620026200008], [6.139903191000087, 60.254339911000045], [6.105316602000073, 60.24518463700008], [6.037119988000086, 60.269598700000074], [6.016612175000091, 60.27252838700008], [5.996429884000065, 60.264960028000075], [5.968923373000052, 60.217230536000045], [5.9147241550000444, 60.168850002000056], [5.8899845710000704, 60.159816799000055], [5.860524936000047, 60.16307200700004], [5.851573113000086, 60.149603583000044], [5.87273196700005, 60.087551174000055], [5.873383009000065, 60.05093008000006], [5.8559676440000885, 60.02374909100007], [5.824554884000065, 60.007798570000034], [5.7838647800000444, 60.00495026200008], [5.79070071700005, 60.01927317900004], [5.771657748000052, 60.023504950000074], [5.756032748000052, 59.990668036000045], [5.739268425000091, 59.99445221600007], [5.706065300000091, 60.00885651200008], [5.68140709700009, 60.03974030200004], [5.688649936000047, 60.06085846600007], [5.699473504000082, 60.06663646000004], [5.735524936000047, 60.060248114000046], [5.775726759000065, 60.06549713700008], [5.790537957000083, 60.076605536000045], [5.7975366550000444, 60.09438711100006], [5.7566024100000845, 60.09438711100006], [5.742442254000082, 60.08283112200007], [5.7212020190000885, 60.08388906500005], [5.700205925000091, 60.10390859600005], [5.725596550000091, 60.11823151200008], [5.7291772800000444, 60.13239166900007], [5.7055770190000885, 60.16030508000006], [5.708262566000087, 60.17633698100008], [5.79070071700005, 60.20425039300005], [5.79070071700005, 60.21108633000006], [5.681162957000083, 60.190619208000044], [5.653575066000087, 60.17633698100008], [5.64616946700005, 60.149603583000044], [5.617035352000073, 60.14996979400007], [5.593028191000087, 60.13857656500005], [5.5727645190000885, 60.14130280200004], [5.5437117850000845, 60.16266510600008], [5.574066602000073, 60.17674388200004], [5.578135613000086, 60.18797435100004], [5.56413821700005, 60.20425039300005], [5.6002710300000444, 60.20600006700005], [5.708262566000087, 60.23216380400004], [5.708262566000087, 60.238348700000074], [5.5983992850000845, 60.23216380400004], [5.638194207000083, 60.264105536000045], [5.633067254000082, 60.27252838700008], [5.614756707000083, 60.27216217700004], [5.571543816000087, 60.238348700000074], [5.5749617850000845, 60.255926825000074], [5.605723504000082, 60.27558014500005], [5.667246941000087, 60.35504791900007], [5.719004754000082, 60.370428778000075], [5.732432488000086, 60.378973700000074], [5.736582879000082, 60.39203522300005], [5.6731876960000704, 60.37299225500004], [5.639903191000087, 60.34760163000004], [5.633067254000082, 60.36810944200005], [5.598887566000087, 60.33344147300005], [5.57789147200009, 60.28953685100004], [5.526621941000087, 60.217230536000045], [5.438487175000091, 60.17210521000004], [5.40984134200005, 60.13133372600004], [5.351817254000082, 60.15582916900007], [5.3724064460000704, 60.16266510600008], [5.3724064460000704, 60.17011139500005], [5.3040470710000704, 60.190619208000044], [5.3248804050000444, 60.20526764500005], [5.351817254000082, 60.21108633000006], [5.351817254000082, 60.217230536000045], [5.3208113940000885, 60.22174713700008], [5.250824415000068, 60.207464911000045], [5.222829623000052, 60.21108633000006], [5.297129754000082, 60.249212958000044], [5.31031334700009, 60.265692450000074], [5.1706649100000845, 60.27871328300006], [5.161631707000083, 60.294989325000074], [5.1706649100000845, 60.31720612200007], [5.22828209700009, 60.32094961100006], [5.198741082000083, 60.33836497600004], [5.1472274100000845, 60.343736070000034], [5.140961134000065, 60.35138580900008], [5.146494988000086, 60.36810944200005], [5.177744988000086, 60.38857656500005], [5.265635613000086, 60.38703034100007], [5.297862175000091, 60.39598216400003], [5.250173373000052, 60.43081289300005], [5.263194207000083, 60.45062897300005], [5.2370711600000845, 60.47378164300005], [5.238291863000086, 60.48920319200005], [5.280284050000091, 60.522365627000056], [5.305837436000047, 60.52826569200005], [5.47624759200005, 60.43504466400003], [5.573252800000091, 60.414943752000056], [5.6176863940000885, 60.417181708000044], [5.653575066000087, 60.43081289300005], [5.649668816000087, 60.44782135600008], [5.708262566000087, 60.471136786000045], [5.714040561000047, 60.48427969000005], [5.71062259200005, 60.60309479400007], [5.721527540000068, 60.63939036700003], [5.7429305350000845, 60.656683661000045], [5.7231551440000885, 60.667629299000055], [5.725840691000087, 60.68602122600004], [5.74976647200009, 60.71816640800006], [5.708506707000083, 60.70258209800005], [5.66382897200009, 60.70392487200007], [5.671397332000083, 60.72711823100008], [5.695160352000073, 60.75234609600005], [5.675629102000073, 60.75775788000004], [5.647634311000047, 60.72711823100008], [5.59156334700009, 60.697699286000045], [5.533457879000082, 60.697699286000045], [5.52320397200009, 60.68691640800006], [5.5358992850000845, 60.639553127000056], [5.526621941000087, 60.62872955900008], [5.44312584700009, 60.61469147300005], [5.3724064460000704, 60.58038971600007], [5.300059441000087, 60.56077708500004], [5.2504988940000885, 60.56342194200005], [5.222829623000052, 60.57416413000004], [5.084971550000091, 60.66290924700007], [5.123220248000052, 60.660223700000074], [5.222829623000052, 60.61513906500005], [5.22828209700009, 60.62132396000004], [5.16179446700005, 60.669989325000074], [5.084971550000091, 60.711371161000045], [5.146494988000086, 60.70392487200007], [5.125824415000068, 60.72443268400008], [5.061371290000068, 60.730902411000045], [5.03296959700009, 60.74168528900003], [4.9851180350000845, 60.77985260600008], [4.926768425000091, 60.800116278000075], [4.981455925000091, 60.80878327000005], [5.05640709700009, 60.778998114000046], [5.10914147200009, 60.77374909100007], [5.176768425000091, 60.74164459800005], [5.280121290000068, 60.72182851800005], [5.304209832000083, 60.71198151200008], [5.31031334700009, 60.67601146000004], [5.347992384000065, 60.64044830900008], [5.3724064460000704, 60.635646877000056], [5.356944207000083, 60.64545319200005], [5.351817254000082, 60.66290924700007], [5.433848504000082, 60.62872955900008], [5.37086022200009, 60.67438385600008], [5.379242384000065, 60.684027411000045], [5.433848504000082, 60.66290924700007], [5.430918816000087, 60.67377350500004], [5.410411004000082, 60.688666083000044], [5.413340691000087, 60.70392487200007], [5.3724064460000704, 60.71816640800006], [5.354991082000083, 60.74481842700004], [5.284190300000091, 60.747748114000046], [5.2389429050000444, 60.76386139500005], [5.235850457000083, 60.77619049700007], [5.284353061000047, 60.79954661700003], [5.351817254000082, 60.81313711100006], [5.338145379000082, 60.839829820000034], [5.356455925000091, 60.852850653000075], [5.430837436000047, 60.86933014500005], [5.496918165000068, 60.862941799000055], [5.53687584700009, 60.87579987200007], [5.479665561000047, 60.88458893400008], [5.470876498000052, 60.896144924000055], [5.49586022200009, 60.90997955900008], [5.471690300000091, 60.907456773000035], [5.399668816000087, 60.882025458000044], [5.3483992850000845, 60.877834377000056], [5.3266707690000885, 60.86815013200004], [5.3177189460000704, 60.84442780200004], [5.293223504000082, 60.82273997600004], [5.239756707000083, 60.81712474200003], [5.187836134000065, 60.82770416900007], [5.16765384200005, 60.854681708000044], [5.164398634000065, 60.83087799700007], [5.149261915000068, 60.81492747600004], [5.131032748000052, 60.81207916900007], [5.118418816000087, 60.827378648000035], [5.132823113000086, 60.834865627000056], [5.066661004000082, 60.83454010600008], [5.047129754000082, 60.84442780200004], [5.0105086600000845, 60.909816799000055], [5.009287957000083, 60.92670319200005], [4.981944207000083, 60.950873114000046], [4.990570509000065, 60.96246979400007], [5.011973504000082, 60.96503327000005], [5.077403191000087, 60.949652411000045], [5.082367384000065, 60.88882070500006], [5.100759311000047, 60.87775299700007], [5.098643425000091, 60.950873114000046], [5.142832879000082, 60.97215403900003], [5.14031009200005, 60.991888739000046], [5.07789147200009, 60.97138092700004], [5.012705925000091, 60.98191966400003], [5.003916863000086, 61.016058661000045], [5.0161238940000885, 61.046535549000055], [5.068614129000082, 61.073553778000075], [5.135101759000065, 61.07672760600008], [5.31226647200009, 61.03217194200005], [5.433848504000082, 61.026597398000035], [5.448415561000047, 60.995428778000075], [5.467051629000082, 61.00739166900007], [5.454274936000047, 61.03656647300005], [5.460215691000087, 61.049994208000044], [5.52711022200009, 61.075425523000035], [5.639903191000087, 61.06012604400007], [5.639903191000087, 61.067572333000044], [5.597666863000086, 61.085150458000044], [5.656260613000086, 61.09414297100005], [5.674001498000052, 61.08808014500005], [5.73609459700009, 61.10993073100008], [5.7739363940000885, 61.114447333000044], [5.79070071700005, 61.10488515800006], [5.78093509200005, 61.06435781500005], [5.84538821700005, 61.09430573100008], [5.83171634200005, 61.108587958000044], [5.863617384000065, 61.11786530200004], [5.976573113000086, 61.120794989000046], [6.030446811000047, 61.11473216400003], [6.098480665000068, 61.12221914300005], [6.258067254000082, 61.093817450000074], [6.270762566000087, 61.07709381700005], [6.2662866550000444, 61.05874258000006], [6.242523634000065, 61.046535549000055], [6.2747501960000704, 61.04791901200008], [6.312022332000083, 61.06850820500006], [6.359222852000073, 61.067572333000044], [6.370290561000047, 61.056301174000055], [6.338715040000068, 61.01235586100006], [6.3559676440000885, 61.010931708000044], [6.372894727000073, 61.01235586100006], [6.374522332000083, 61.03742096600007], [6.437673373000052, 61.081244208000044], [6.5456649100000845, 61.10407135600008], [6.585785352000073, 61.14272695500006], [6.600596550000091, 61.17523834800005], [6.648448113000086, 61.157456773000035], [6.78679446700005, 61.15033600500004], [6.8366805350000845, 61.13934967700004], [6.8562117850000845, 61.128119208000044], [6.868174675000091, 61.090277411000045], [6.9558211600000845, 61.08808014500005], [7.009776238000086, 61.00893789300005], [6.98796634200005, 60.99017975500004], [6.939300977000073, 60.97321198100008], [6.8737899100000845, 60.93724192900004], [6.965017123000052, 60.96552155200004], [7.010996941000087, 60.971136786000045], [7.0514429050000444, 60.964544989000046], [7.130137566000087, 60.92670319200005], [7.1316024100000845, 60.912176825000074], [7.1059676440000885, 60.86155833500004], [7.157481316000087, 60.89744700700004], [7.17156009200005, 60.92401764500005], [7.161306186000047, 60.950873114000046], [7.09351647200009, 60.96381256700005], [7.043955925000091, 61.026597398000035], [7.013845248000052, 61.05174388200004], [7.000336134000065, 61.09292226800005], [7.059743686000047, 61.10700104400007], [7.166270379000082, 61.11005280200004], [7.222666863000086, 61.14036692900004], [7.30445397200009, 61.13027578300006], [7.369151238000086, 61.104681708000044], [7.435557488000086, 61.10114166900007], [7.435557488000086, 61.108587958000044], [7.39226321700005, 61.11627838700008], [7.3462020190000885, 61.14272695500006], [7.405284050000091, 61.16742584800005], [7.427012566000087, 61.18585846600007], [7.454356316000087, 61.19277578300006], [7.6062117850000845, 61.19830963700008], [7.655284050000091, 61.20685455900008], [7.69499759200005, 61.232082424000055], [7.6335555350000845, 61.224595445000034], [7.6003524100000845, 61.21234772300005], [7.38843834700009, 61.19818756700005], [7.358897332000083, 61.20563385600008], [7.3462020190000885, 61.22150299700007], [7.33570397200009, 61.27435944200005], [7.312022332000083, 61.28729889500005], [7.3138126960000704, 61.30841705900008], [7.355804884000065, 61.326239325000074], [7.380707227000073, 61.37832265800006], [7.4212345710000704, 61.39594147300005], [7.4675399100000845, 61.43846263200004], [7.5356551440000885, 61.45652903900003], [7.57203209700009, 61.48533763200004], [7.488617384000065, 61.46043528900003], [7.3462020190000885, 61.389105536000045], [7.263682488000086, 61.39594147300005], [7.308848504000082, 61.36383698100008], [7.3051863940000885, 61.34813060100004], [7.244965040000068, 61.30805084800005], [7.239756707000083, 61.29726797100005], [7.2981876960000704, 61.26056549700007], [7.3099064460000704, 61.21759674700007], [7.322520379000082, 61.20538971600007], [7.359711134000065, 61.191107489000046], [7.3051863940000885, 61.16323476800005], [7.213715040000068, 61.183661200000074], [7.161306186000047, 61.169989325000074], [7.153493686000047, 61.15460846600007], [7.1372176440000885, 61.145697333000044], [7.009776238000086, 61.12909577000005], [6.953135613000086, 61.11163971600007], [6.93531334700009, 61.11473216400003], [6.917246941000087, 61.13629791900007], [7.00359134200005, 61.183661200000074], [6.9505314460000704, 61.167222398000035], [6.89429772200009, 61.16323476800005], [6.810069207000083, 61.181626695000034], [6.6647241550000444, 61.19513580900008], [6.557871941000087, 61.224595445000034], [6.56999759200005, 61.24079010600008], [6.623057488000086, 61.26935455900008], [6.660329623000052, 61.32086823100008], [6.69507897200009, 61.34471263200004], [6.7155867850000845, 61.390692450000074], [6.71461022200009, 61.40029531500005], [6.7019149100000845, 61.402777411000045], [6.636892123000052, 61.30955638200004], [6.603363477000073, 61.27875397300005], [6.564707879000082, 61.265611070000034], [6.52711022200009, 61.28729889500005], [6.501149936000047, 61.26813385600008], [6.523773634000065, 61.232082424000055], [6.526215040000068, 61.21234772300005], [6.537364129000082, 61.20416901200008], [6.465098504000082, 61.20758698100008], [6.498301629000082, 61.19232819200005], [6.506195509000065, 61.14695872600004], [6.484711134000065, 61.13076406500005], [6.4343367850000845, 61.11473216400003], [6.372325066000087, 61.11408112200007], [6.282725457000083, 61.125433661000045], [6.203949415000068, 61.14866771000004], [6.1743270190000885, 61.183661200000074], [6.130137566000087, 61.15932851800005], [6.073496941000087, 61.14801666900007], [6.014008009000065, 61.14948151200008], [5.9614363940000885, 61.16323476800005], [6.0278426440000885, 61.18813711100006], [6.037119988000086, 61.20416901200008], [5.940928582000083, 61.169989325000074], [5.80445397200009, 61.15574778900003], [5.783457879000082, 61.16498444200005], [5.78296959700009, 61.196600653000075], [5.7702742850000845, 61.191107489000046], [5.74976647200009, 61.15574778900003], [5.702159050000091, 61.155503648000035], [5.695160352000073, 61.146144924000055], [5.675954623000052, 61.142279364000046], [5.5573022800000444, 61.13646067900004], [5.475433790000068, 61.09430573100008], [5.423675977000073, 61.07965729400007], [5.37663821700005, 61.08047109600005], [5.3344832690000885, 61.096869208000044], [5.297862175000091, 61.12909577000005], [5.259938998000052, 61.10984935100004], [5.1938582690000885, 61.10529205900008], [5.160166863000086, 61.12909577000005], [5.169932488000086, 61.139960028000075], [5.22828209700009, 61.14272695500006], [5.16187584700009, 61.15619538000004], [5.125173373000052, 61.14508698100008], [5.044118686000047, 61.16323476800005], [5.0593367850000845, 61.18797435100004], [5.118174675000091, 61.185980536000045], [5.222829623000052, 61.16323476800005], [5.214691602000073, 61.183661200000074], [5.250173373000052, 61.183661200000074], [5.167816602000073, 61.220770575000074], [5.020762566000087, 61.216498114000046], [4.9887801440000885, 61.224595445000034], [5.052256707000083, 61.23379140800006], [5.064463738000086, 61.245754299000055], [5.012950066000087, 61.23663971600007], [4.982758009000065, 61.25698476800005], [4.954600457000083, 61.25259023600006], [4.979991082000083, 61.27533600500004], [5.0161238940000885, 61.28729889500005], [5.07398522200009, 61.29572174700007], [5.095225457000083, 61.30719635600008], [5.159353061000047, 61.31110260600008], [5.177744988000086, 61.33942291900007], [5.201508009000065, 61.34271881700005], [5.279307488000086, 61.32135651200008], [5.297862175000091, 61.30097077000005], [5.320648634000065, 61.25226471600007], [5.3344832690000885, 61.25600820500006], [5.337412957000083, 61.268744208000044], [5.3208113940000885, 61.31745026200008], [5.2563582690000885, 61.34813060100004], [5.440603061000047, 61.36741771000004], [5.633067254000082, 61.36180247600004], [5.599619988000086, 61.37592194200005], [5.554535352000073, 61.37832265800006], [5.164317254000082, 61.35610586100006], [5.093272332000083, 61.32880280200004], [5.058441602000073, 61.323472398000035], [5.0063582690000885, 61.34747955900008], [4.995616082000083, 61.36180247600004], [4.9987899100000845, 61.37689850500004], [5.028330925000091, 61.401556708000044], [5.044118686000047, 61.402777411000045], [5.062673373000052, 61.37457916900007], [5.078135613000086, 61.38296133000006], [5.078135613000086, 61.410223700000074], [5.118418816000087, 61.41640859600005], [5.111664259000065, 61.43073151200008], [5.071462436000047, 61.41705963700008], [4.9479272800000444, 61.410223700000074], [4.9479272800000444, 61.41640859600005], [5.0571395190000885, 61.44432200700004], [5.1634220710000704, 61.450832424000055], [5.1879988940000885, 61.464829820000034], [5.180511915000068, 61.472316799000055], [5.310801629000082, 61.44940827000005], [5.33757571700005, 61.464829820000034], [5.483897332000083, 61.431708075000074], [5.5188908210000704, 61.430121161000045], [5.5437117850000845, 61.43695709800005], [5.53687584700009, 61.44432200700004], [5.619395379000082, 61.45799388200004], [5.6508895190000885, 61.48187897300005], [5.667246941000087, 61.48533763200004], [5.73601321700005, 61.48460521000004], [5.770355665000068, 61.455145575000074], [5.80445397200009, 61.451157945000034], [5.80445397200009, 61.45799388200004], [5.7817488940000885, 61.46564362200007], [5.7467554050000444, 61.49298737200007], [5.72242272200009, 61.49896881700005], [5.637868686000047, 61.49437083500004], [5.5747176440000885, 61.464829820000034], [5.523610873000052, 61.46466705900008], [5.460948113000086, 61.452826239000046], [5.4379988940000885, 61.46043528900003], [5.441254102000073, 61.47915273600006], [5.3977970710000704, 61.48688385600008], [5.290293816000087, 61.47964101800005], [5.253184441000087, 61.49526601800005], [5.1782332690000885, 61.509751695000034], [5.138926629000082, 61.52411530200004], [5.146494988000086, 61.53998444200005], [5.14031009200005, 61.55418528900003], [5.2016707690000885, 61.54682038000004], [5.246429884000065, 61.55418528900003], [5.3581649100000845, 61.55418528900003], [5.3581649100000845, 61.56102122600004], [5.172048373000052, 61.58551666900007], [5.146494988000086, 61.59520091400003], [5.33757571700005, 61.59520091400003], [5.31031334700009, 61.58893463700008], [5.31031334700009, 61.58218008000006], [5.402598504000082, 61.58030833500004], [5.427012566000087, 61.58893463700008], [5.2700301440000885, 61.615668036000045], [5.320160352000073, 61.62872955900008], [5.340668165000068, 61.64313385600008], [5.2837020190000885, 61.64232005400004], [5.2292586600000845, 61.62872955900008], [4.9926863940000885, 61.63043854400007], [4.968272332000083, 61.63613515800006], [4.939626498000052, 61.67837148600006], [4.968272332000083, 61.69765859600005], [4.960459832000083, 61.706691799000055], [4.962738477000073, 61.71710846600007], [4.9887801440000885, 61.72553131700005], [4.974457227000073, 61.73859284100007], [4.988129102000073, 61.74689362200007], [5.053965691000087, 61.75039297100005], [5.0755314460000704, 61.74286530200004], [5.078135613000086, 61.73236725500004], [5.1048283210000704, 61.73236725500004], [5.125987175000091, 61.718085028000075], [5.16765384200005, 61.72553131700005], [5.125987175000091, 61.75218333500004], [5.1901961600000845, 61.76894765800006], [5.064463738000086, 61.75971100500004], [5.103851759000065, 61.78538646000004], [5.2700301440000885, 61.82794830900008], [5.2563582690000885, 61.83539459800005], [5.33757571700005, 61.84162018400008], [5.2915145190000885, 61.85150788000004], [5.2903751960000704, 61.86212799700007], [5.362559441000087, 61.905462958000044], [5.394786004000082, 61.91107819200005], [5.487803582000083, 61.907863674000055], [5.540293816000087, 61.89687734600005], [5.6002710300000444, 61.89911530200004], [5.675791863000086, 61.88694896000004], [5.7429305350000845, 61.84845612200007], [5.640798373000052, 61.83510976800005], [5.619395379000082, 61.81492747600004], [5.735524936000047, 61.83539459800005], [5.9226180350000845, 61.85028717700004], [5.940928582000083, 61.845038153000075], [5.946299675000091, 61.83734772300005], [5.9270939460000704, 61.782416083000044], [5.90015709700009, 61.75063711100006], [5.899261915000068, 61.73859284100007], [5.942230665000068, 61.76870351800005], [5.972911004000082, 61.83112213700008], [5.992035352000073, 61.83539459800005], [6.058929884000065, 61.808294989000046], [6.098643425000091, 61.77887604400007], [6.123383009000065, 61.76992422100005], [6.181162957000083, 61.76654694200005], [6.170909050000091, 61.780462958000044], [6.057627800000091, 61.82794830900008], [6.057627800000091, 61.83539459800005], [6.29070071700005, 61.83539459800005], [6.383799675000091, 61.80744049700007], [6.473806186000047, 61.80463288000004], [6.521332227000073, 61.81419505400004], [6.55046634200005, 61.84845612200007], [6.58961022200009, 61.87083567900004], [6.6673283210000704, 61.87319570500006], [6.746348504000082, 61.85586172100005], [6.777679884000065, 61.84125397300005], [6.818614129000082, 61.869574286000045], [6.818614129000082, 61.87641022300005], [6.771006707000083, 61.870306708000044], [6.69507897200009, 61.88320547100005], [6.677989129000082, 61.89687734600005], [6.555511915000068, 61.87832265800006], [6.510101759000065, 61.83539459800005], [6.47624759200005, 61.82534414300005], [6.2585555350000845, 61.85626862200007], [6.09546959700009, 61.84845612200007], [6.037119988000086, 61.869574286000045], [5.9614363940000885, 61.869574286000045], [5.886241082000083, 61.88320547100005], [5.8286238940000885, 61.869574286000045], [5.80445397200009, 61.85586172100005], [5.7292586600000845, 61.88939036700003], [5.7292586600000845, 61.89687734600005], [5.93327884200005, 61.90302155200004], [5.9614363940000885, 61.909857489000046], [5.9614363940000885, 61.91669342700004], [5.645355665000068, 61.92479075700004], [5.516612175000091, 61.93813711100006], [5.450205925000091, 61.92519765800006], [5.427012566000087, 61.93781159100007], [5.276866082000083, 61.909857489000046], [5.193695509000065, 61.91233958500004], [5.155772332000083, 61.89606354400007], [5.098643425000091, 61.91669342700004], [5.125987175000091, 61.94403717700004], [5.14031009200005, 61.97134023600006], [5.155528191000087, 61.97601959800005], [5.173838738000086, 61.958319403000075], [5.2016707690000885, 61.97134023600006], [5.22828209700009, 61.958319403000075], [5.238617384000065, 61.960638739000046], [5.250173373000052, 61.97874583500004], [5.29794488413836, 62.0]]}}, {"type": "Feature", "properties": {}, "geometry": {"type": "LineString", "coordinates": [[0.0, 49.33060842898378], [0.06308027400007177, 49.35447825700004], [0.0959578790000819, 49.38373444200005], [0.1623641290000819, 49.41518789300005], [0.4113061860000471, 49.452053127000056], [0.4572860040000819, 49.46743398600006], [0.49317467500009116, 49.49359772300005], [0.4221297540000819, 49.46442291900007], [0.33961022200008983, 49.456732489000046], [0.12435957100007045, 49.48578522300005], [0.07862389400008851, 49.51552969000005], [0.07968183700006648, 49.542181708000044], [0.13086998800008587, 49.603501695000034], [0.17090905000009116, 49.69163646000004], [0.23585045700008322, 49.72931549700007], [0.38746178500008455, 49.775051174000055], [0.5966903000000912, 49.85724518400008], [0.6748153000000912, 49.87579987200007], [0.7609155610000471, 49.875067450000074], [1.1726180350000845, 49.961004950000074], [1.2212020190000885, 49.97898997600004], [1.2609969410000872, 50.007513739000046], [1.3912866550000444, 50.07518138200004], [1.4558211600000845, 50.12360260600008], [1.4868270190000885, 50.18504466400009], [1.5210067070000832, 50.21466705900008], [1.5553491550000444, 50.21771881700005], [1.6543074880000859, 50.18659088700008], [1.6725366550000444, 50.19253164300005], [1.6725366550000444, 50.19936758000006], [1.6552840500000912, 50.200506903000075], [1.6445418630000859, 50.21238841400009], [1.6650496750000912, 50.21238841400009], [1.6650496750000912, 50.21979401200008], [1.6254988940000885, 50.224310614000046], [1.6100366550000444, 50.23224518400008], [1.5939233730000524, 50.256293036000045], [1.5415145190000885, 50.27789948100008], [1.5515242850000845, 50.34906647300005], [1.5720320970000898, 50.37567780200004], [1.6103621750000912, 50.37067291900007], [1.6103621750000912, 50.37689850500004], [1.5551863940000885, 50.40477122600004], [1.5734969410000872, 50.445379950000074], [1.579274936000047, 50.53314850500004], [1.6103621750000912, 50.548163153000075], [1.5778914720000898, 50.58860911700003], [1.5626733730000524, 50.69896067900004], [1.6056421230000524, 50.79002513200004], [1.5805770190000885, 50.868801174000055], [1.6048283210000704, 50.88104889500005], [1.6533309250000912, 50.889105536000045], [1.7298283210000704, 50.94391510600008], [1.9734806650000678, 51.007147528000075], [2.134043816000087, 51.019964911000045], [2.3160913420000497, 51.059027411000045], [2.3844507170000497, 51.05532461100006], [2.466075066000087, 51.068793036000045], [2.579925977000073, 51.104803778000075], [2.715668165000068, 51.16950104400007], [3.124847852000073, 51.32965729400007], [3.525726759000065, 51.41559479400007], [3.541351759000065, 51.41673411700003], [3.604665561000047, 51.391058661000045], [3.702159050000091, 51.37360260600008], [3.7555444670000497, 51.35008372600004], [3.833994988000086, 51.34324778900009], [3.9558211600000845, 51.37177155200004], [3.98414147200009, 51.41046784100007], [4.02906334700009, 51.40420156500005], [4.070160352000073, 51.37055084800005], [4.121918165000068, 51.359361070000034], [4.156504754000082, 51.35757070500006], [4.180023634000065, 51.37742747600004], [4.199554884000065, 51.37604401200008], [4.241058790000068, 51.35659414300005], [4.256114129000082, 51.32843659100007], [4.302989129000082, 51.296087958000044], [4.308116082000083, 51.283636786000045], [4.296722852000073, 51.267564195000034], [4.316416863000086, 51.27684153900009], [4.3308211600000845, 51.296087958000044], [4.289317254000082, 51.30914948100008], [4.283050977000073, 51.35008372600004], [4.257090691000087, 51.37250397300005], [4.2448836600000845, 51.414496161000045], [4.234711134000065, 51.41901276200008], [4.201019727000073, 51.40534088700008], [4.11109459700009, 51.40696849200003], [4.070160352000073, 51.41901276200008], [4.015147332000083, 51.448919989000046], [3.957041863000086, 51.45579661700003], [3.94312584700009, 51.450384833000044], [3.90211022200009, 51.40493398600006], [3.827159050000091, 51.391058661000045], [3.789073113000086, 51.412176825000074], [3.728770379000082, 51.43081289300005], [3.689707879000082, 51.454291083000044], [3.6100366550000444, 51.44505442900004], [3.535411004000082, 51.45921458500004], [3.4948022800000444, 51.50092194200005], [3.461924675000091, 51.51898834800005], [3.44703209700009, 51.54596588700008], [3.560394727000073, 51.594631252000056], [3.8510848320000832, 51.61078522300005], [3.8821720710000704, 51.59609609600005], [3.9057723320000832, 51.569240627000056], [3.8715926440000885, 51.555568752000056], [3.8715926440000885, 51.54938385600008], [3.9672957690000885, 51.54311758000006], [4.015879754000082, 51.53082916900007], [4.0571395190000885, 51.50836823100008], [4.1048283210000704, 51.44570547100005], [4.180837436000047, 51.44586823100008], [4.200450066000087, 51.439520575000074], [4.283213738000086, 51.447699286000045], [4.296722852000073, 51.47052643400008], [4.288584832000083, 51.49213288000004], [4.267751498000052, 51.50828685100004], [4.153330925000091, 51.53506094000005], [4.091319207000083, 51.53506094000005], [3.988129102000073, 51.590277411000045], [4.0677189460000704, 51.610663153000075], [4.157237175000091, 51.60789622600004], [4.207286004000082, 51.590277411000045], [4.202647332000083, 51.60911692900004], [4.1899520190000885, 51.61668528900009], [4.135996941000087, 51.620428778000075], [4.11296634200005, 51.63939036700003], [4.1126408210000704, 51.670803127000056], [4.142914259000065, 51.68414948100008], [4.176931186000047, 51.68585846600007], [4.1411238940000885, 51.70392487200007], [4.071543816000087, 51.71718984600005], [4.0571395190000885, 51.73029205900008], [4.050791863000086, 51.76349518400008], [4.0339461600000845, 51.78424713700008], [3.981455925000091, 51.81000397300005], [3.8715926440000885, 51.788275458000044], [3.862315300000091, 51.816066799000055], [3.96265709700009, 51.847357489000046], [4.0476180350000845, 51.833685614000046], [4.077647332000083, 51.84357330900008], [4.032074415000068, 51.882025458000044], [4.0319930350000845, 51.89606354400007], [4.0434676440000885, 51.90867747600004], [4.010020379000082, 51.980129299000055], [4.015635613000086, 51.98769765800006], [4.022471550000091, 51.99437083500004], [4.0690210300000444, 51.987941799000055], [4.107676629000082, 51.991888739000046], [4.141856316000087, 52.00560130400004], [4.284678582000083, 52.112941799000055], [4.4069116550000444, 52.22345612200007], [4.508148634000065, 52.336371161000045], [4.568614129000082, 52.44525788000004], [4.577321811000047, 52.48094310100004], [4.596934441000087, 52.50657786700003], [4.6393335300000444, 52.70066966400003], [4.669444207000083, 52.796576239000046], [4.7116805350000845, 52.86310455900008], [4.726410352000073, 52.93829987200007], [4.7454533210000704, 52.96759674700007], [4.806976759000065, 52.961818752000056], [4.8169051440000885, 52.96759674700007], [4.824392123000052, 52.960150458000044], [4.809418165000068, 52.92959219000005], [4.8327742850000845, 52.911322333000044], [4.8737899100000845, 52.903957424000055], [4.913096550000091, 52.905585028000075], [4.97828209700009, 52.93569570500006], [5.078135613000086, 52.954006252000056], [5.312754754000082, 53.08283112200007], [5.379242384000065, 53.097357489000046], [5.3997501960000704, 53.12205638200004], [5.4270939460000704, 53.190334377000056], [5.447438998000052, 53.22089264500005], [5.504242384000065, 53.257025458000044], [5.541026238000086, 53.26658763200004], [5.59156334700009, 53.302801825000074], [5.659678582000083, 53.31195709800005], [5.694590691000087, 53.330064195000034], [5.980804884000065, 53.40607330900008], [6.2739363940000885, 53.41266510600008], [6.311534050000091, 53.39899323100008], [6.345550977000073, 53.41266510600008], [6.494395379000082, 53.438706773000035], [6.73023522200009, 53.460638739000046], [6.829112175000091, 53.45058828300006], [6.86687259200005, 53.43427155200004], [6.900563998000052, 53.35179271000004], [6.9485783210000704, 53.32607656500005], [7.0200301440000885, 53.30613841400003], [7.0377710300000444, 53.30963776200008], [7.05827884200005, 53.301947333000044], [7.085459832000083, 53.30963776200008], [7.073496941000087, 53.29564036700003], [7.0807397800000444, 53.266791083000044], [7.194590691000087, 53.245021877000056], [7.233571811000047, 53.27362702000005], [7.2369897800000444, 53.28554922100005], [7.229502800000091, 53.296576239000046], [7.254730665000068, 53.319525458000044], [7.2915145190000885, 53.323919989000046], [7.3665470710000704, 53.302801825000074], [7.3425399100000845, 53.32404205900008], [7.302907748000052, 53.33274974200003], [7.075205925000091, 53.337591864000046], [7.038259311000047, 53.34857819200005], [7.023610873000052, 53.37641022300005], [7.023285352000073, 53.450506903000075], [7.059743686000047, 53.52171458500004], [7.1196395190000885, 53.51630280200004], [7.141774936000047, 53.537176825000074], [7.131114129000082, 53.55695221600007], [7.088877800000091, 53.57371653900003], [7.086761915000068, 53.58685944200005], [7.226084832000083, 53.66648997600004], [7.305023634000065, 53.684800523000035], [7.458832227000073, 53.69513580900008], [7.503916863000086, 53.67865631700005], [7.951426629000082, 53.721909898000035], [8.031423373000052, 53.70807526200008], [8.024912957000083, 53.67255280200004], [8.052907748000052, 53.63629791900007], [8.094086134000065, 53.604722398000035], [8.127614780000044, 53.59076569200005], [8.119151238000086, 53.571926174000055], [8.156748894000089, 53.563666083000044], [8.167979363000086, 53.55320872600004], [8.155446811000047, 53.52602773600006], [8.115733269000089, 53.51072825700004], [8.058767123000052, 53.502020575000074], [8.076996290000068, 53.46869538000004], [8.099782748000052, 53.44741445500006], [8.123871290000068, 53.454006252000056], [8.152354363000086, 53.44977448100008], [8.205332879000082, 53.41071198100008], [8.25945071700005, 53.41229889500005], [8.292816602000073, 53.44049713700008], [8.315114780000044, 53.47492096600007], [8.320485873000052, 53.50922272300005], [8.291514519000089, 53.529364325000074], [8.231211785000085, 53.52521393400008], [8.248871290000068, 53.590277411000045], [8.270681186000047, 53.61286041900007], [8.329356316000087, 53.61810944200005], [8.348480665000068, 53.61286041900007], [8.387705925000091, 53.57713450700004], [8.55209394600007, 53.54360586100006], [8.55209394600007, 53.53620026200008], [8.506195509000065, 53.50796133000006], [8.49000084700009, 53.486395575000074], [8.485036655000044, 53.40119049700007], [8.504405144000089, 53.35805898600006], [8.497569207000083, 53.47475820500006], [8.512868686000047, 53.49648672100005], [8.556651238000086, 53.51821523600006], [8.56576582100007, 53.54669830900008], [8.508311394000089, 53.62514883000006], [8.487071160000085, 53.66693756700005], [8.48609459700009, 53.700425523000035], [8.573252800000091, 53.85765208500004], [8.60710696700005, 53.88153717700004], [8.651866082000083, 53.89248281500005], [8.684580925000091, 53.88849518400008], [8.744639519000089, 53.85415273600006], [8.782481316000087, 53.84247467700004], [8.86068769600007, 53.83100006700005], [9.016286655000044, 53.84052155200004], [9.035004102000073, 53.853583075000074], [9.114512566000087, 53.86513906500005], [9.193614129000082, 53.86469147300005], [9.21070397200009, 53.871975002000056], [9.274668816000087, 53.86513906500005], [9.305349155000044, 53.84454987200007], [9.402679884000065, 53.74241771000004], [9.484711134000065, 53.69009023600006], [9.498383009000065, 53.659857489000046], [9.567067905000044, 53.599595445000034], [9.69662519600007, 53.556626695000034], [9.832041863000086, 53.54360586100006], [9.819590691000087, 53.556626695000034], [9.782074415000068, 53.56972890800006], [9.692393425000091, 53.57591380400004], [9.58366946700005, 53.61245351800005], [9.550791863000086, 53.63458893400008], [9.532237175000091, 53.71116771000004], [9.435801629000082, 53.74868398600006], [9.412445509000065, 53.77875397300005], [9.395192905000044, 53.83100006700005], [9.35873457100007, 53.839544989000046], [9.257823113000086, 53.88556549700007], [9.09343509200005, 53.89248281500005], [9.029958530000044, 53.907131252000056], [9.007823113000086, 53.89248281500005], [8.984629754000082, 53.89704010600008], [8.916026238000086, 53.93740469000005], [8.83334394600007, 54.036444403000075], [8.890635613000086, 54.04779694200005], [8.975352410000085, 54.02407461100006], [8.997243686000047, 54.03021881700005], [9.01303144600007, 54.060980536000045], [9.018321160000085, 54.09788646000004], [8.974457227000073, 54.12807851800005], [8.977305535000085, 54.145697333000044], [8.95289147200009, 54.150091864000046], [8.917979363000086, 54.14630768400008], [8.86068769600007, 54.12518952000005], [8.812836134000065, 54.18048737200007], [8.846690300000091, 54.23354726800005], [8.83961022200009, 54.255560614000046], [8.922048373000052, 54.27423737200007], [8.963145379000082, 54.317613023000035], [8.881114129000082, 54.290269273000035], [8.887950066000087, 54.303941148000035], [8.774668816000087, 54.290269273000035], [8.738942905000044, 54.29389069200005], [8.678477410000085, 54.269191799000055], [8.623383009000065, 54.29010651200008], [8.602712436000047, 54.31207916900007], [8.599864129000082, 54.33808014500005], [8.614024285000085, 54.34837474200003], [8.695567254000082, 54.358587958000044], [8.695567254000082, 54.36542389500005], [8.650645379000082, 54.37799713700008], [8.634776238000086, 54.36542389500005], [8.626231316000087, 54.37641022300005], [8.629161004000082, 54.38768138200004], [8.648448113000086, 54.40639883000006], [8.669769727000073, 54.400824286000045], [8.750824415000068, 54.41380442900004], [8.88607832100007, 54.41779205900008], [9.004730665000068, 54.46588776200008], [9.011566602000073, 54.50633372600004], [8.904470248000052, 54.58063385600008], [8.878754102000073, 54.60651276200008], [8.82585696700005, 54.59813060100004], [8.819021030000044, 54.60561758000006], [8.85328209700009, 54.61928945500006], [8.805430535000085, 54.687567450000074], [8.688731316000087, 54.73529694200005], [8.694346550000091, 54.76023997600004], [8.648448113000086, 54.81785716400003], [8.642751498000052, 54.844183661000045], [8.674815300000091, 54.94794342700004], [8.640961134000065, 55.02338288000004], [8.644786004000082, 55.05573151200008], [8.681895379000082, 55.13320547100005], [8.563649936000047, 55.14337799700007], [8.557383660000085, 55.09638092700004], [8.49935957100007, 55.06557851800005], [8.470225457000083, 55.07859935100004], [8.458832227000073, 55.10346100500004], [8.470225457000083, 55.17755768400008], [8.488942905000044, 55.19717031500005], [8.530528191000087, 55.20075104400007], [8.572601759000065, 55.19367096600007], [8.593760613000086, 55.180975653000075], [8.55209394600007, 55.16054922100005], [8.555186394000089, 55.14935944200005], [8.66928144600007, 55.13690827000005], [8.689463738000086, 55.14158763200004], [8.648448113000086, 55.28025950700004], [8.659678582000083, 55.32721588700008], [8.632090691000087, 55.41876862200007], [8.617686394000089, 55.437933661000045], [8.592539910000085, 55.449286200000074], [8.441905144000089, 55.46393463700008], [8.401133660000085, 55.485663153000075], [8.310394727000073, 55.56268952000005], [8.311208530000044, 55.56976959800005], [8.332367384000065, 55.57200755400004], [8.332367384000065, 55.57827383000006], [8.313161655000044, 55.58270905200004], [8.267832879000082, 55.580511786000045], [8.239024285000085, 55.557928778000075], [8.242035352000073, 55.548529364000046], [8.271739129000082, 55.530462958000044], [8.243662957000083, 55.516791083000044], [8.293955925000091, 55.504339911000045], [8.316742384000065, 55.48940664300005], [8.326182488000086, 55.47211334800005], [8.313324415000068, 55.46930573100008], [8.193614129000082, 55.52594635600008], [8.110606316000087, 55.540228583000044], [8.095225457000083, 55.54905833500004], [8.094004754000082, 55.56391022300005], [8.150238477000073, 55.64923737200007], [8.181651238000086, 55.72907135600008], [8.18336022200009, 55.769598700000074], [8.127777540000068, 55.987616278000075], [8.150563998000052, 55.97703685100004], [8.17546634200005, 55.90033600500004], [8.193369988000086, 55.87384674700007], [8.193614129000082, 55.853216864000046], [8.181651238000086, 55.82835521000004], [8.185069207000083, 55.81464264500005], [8.193614129000082, 55.811835028000075], [8.347829623000052, 55.86933014500005], [8.387705925000091, 55.89288971600007], [8.393321160000085, 55.90916575700004], [8.372894727000073, 55.943426825000074], [8.319509311000047, 55.986029364000046], [8.319509311000047, 56.01703522300005], [8.308116082000083, 56.05292389500005], [8.282399936000047, 56.075873114000046], [8.24773196700005, 56.089829820000034], [8.149668816000087, 56.11115143400008], [8.140635613000086, 56.102728583000044], [8.137461785000085, 56.00039297100005], [8.134776238000086, 55.99396393400008], [8.115977410000085, 56.00185781500005], [8.107920769000089, 56.024318752000056], [8.103363477000073, 56.096869208000044], [8.133799675000091, 56.20547109600005], [8.12240644600007, 56.551662502000056], [8.178721550000091, 56.67206452000005], [8.213877800000091, 56.711818752000056], [8.232432488000086, 56.688381252000056], [8.202159050000091, 56.64020416900007], [8.233164910000085, 56.633978583000044], [8.253916863000086, 56.60610586100006], [8.305918816000087, 56.59780508000006], [8.291514519000089, 56.593003648000035], [8.298350457000083, 56.558294989000046], [8.315196160000085, 56.55687083500004], [8.312022332000083, 56.57880280200004], [8.392100457000083, 56.585272528000075], [8.436534050000091, 56.58022695500006], [8.514659050000091, 56.54466380400004], [8.56576582100007, 56.57880280200004], [8.596039259000065, 56.53180573100008], [8.601084832000083, 56.50112539300005], [8.636973504000082, 56.479722398000035], [8.726573113000086, 56.48322174700007], [8.742035352000073, 56.497748114000046], [8.750824415000068, 56.552069403000075], [8.762543165000068, 56.563381252000056], [8.75757897200009, 56.571966864000046], [8.708994988000086, 56.58856842700004], [8.698496941000087, 56.61123281500005], [8.681488477000073, 56.61627838700008], [8.681895379000082, 56.62653229400007], [8.740896030000044, 56.63495514500005], [8.805430535000085, 56.69546133000006], [8.861582879000082, 56.707464911000045], [8.916758660000085, 56.70880768400008], [8.840830925000091, 56.722357489000046], [8.87663821700005, 56.76430898600006], [8.955739780000044, 56.80296458500004], [9.014903191000087, 56.79783763200004], [9.063161655000044, 56.812567450000074], [9.105967644000089, 56.800116278000075], [9.12045332100007, 56.76459381700005], [9.162852410000085, 56.72964101800005], [9.176036004000082, 56.70856354400007], [9.14820397200009, 56.704738674000055], [9.11882571700005, 56.67877838700008], [9.09343509200005, 56.674994208000044], [9.097504102000073, 56.65843333500004], [9.059336785000085, 56.633978583000044], [9.048838738000086, 56.60716380400004], [9.060557488000086, 56.565741278000075], [9.09343509200005, 56.57807038000004], [9.10678144600007, 56.61078522300005], [9.155446811000047, 56.612941799000055], [9.141123894000089, 56.62604401200008], [9.121348504000082, 56.620347398000035], [9.148610873000052, 56.661322333000044], [9.155446811000047, 56.661322333000044], [9.149424675000091, 56.63886139500005], [9.276215040000068, 56.63296133000006], [9.285329623000052, 56.620347398000035], [9.282399936000047, 56.610541083000044], [9.250336134000065, 56.57880280200004], [9.316416863000086, 56.53082916900007], [9.326182488000086, 56.53034088700008], [9.346690300000091, 56.552069403000075], [9.360850457000083, 56.54474518400008], [9.373057488000086, 56.552720445000034], [9.37273196700005, 56.56537506700005], [9.350352410000085, 56.571966864000046], [9.312836134000065, 56.55776601800005], [9.293711785000085, 56.56102122600004], [9.300629102000073, 56.60911692900004], [9.326019727000073, 56.66941966400003], [9.305674675000091, 56.69546133000006], [9.29070071700005, 56.70384349200003], [9.27084394600007, 56.702337958000044], [9.199066602000073, 56.67658112200007], [9.177907748000052, 56.675848700000074], [9.169118686000047, 56.688666083000044], [9.180349155000044, 56.70075104400007], [9.226410352000073, 56.71625397300005], [9.242523634000065, 56.74705638200004], [9.240489129000082, 56.753973700000074], [9.196543816000087, 56.77045319200005], [9.174978061000047, 56.80605703300006], [9.176036004000082, 56.818426825000074], [9.211436394000089, 56.85150788000004], [9.21062259200005, 56.86310455900008], [9.199554884000065, 56.87982819200005], [9.162852410000085, 56.89411041900007], [9.200205925000091, 56.93891022300005], [9.251475457000083, 56.97256094000005], [9.279958530000044, 56.979803778000075], [9.28874759200005, 56.99713776200008], [9.437022332000083, 57.02440013200004], [9.47006269600007, 57.02383047100005], [9.586761915000068, 56.99713776200008], [9.573090040000068, 56.97882721600007], [9.607920769000089, 56.96987539300005], [9.688975457000083, 57.039129950000074], [9.761241082000083, 57.058579820000034], [9.809092644000089, 57.05174388200004], [9.91578209700009, 57.058579820000034], [9.856618686000047, 57.08869049700007], [9.795664910000085, 57.10639069200005], [9.733246290000068, 57.06679922100005], [9.711924675000091, 57.06126536700003], [9.67514082100007, 57.07916901200008], [9.580821160000085, 57.04930247600004], [9.493988477000073, 57.04857005400004], [9.245371941000087, 57.00234609600005], [9.114512566000087, 57.058579820000034], [9.12086022200009, 57.04539622600004], [9.112803582000083, 57.03864166900007], [9.04265384200005, 57.01772695500006], [9.025726759000065, 57.017564195000034], [9.031993035000085, 57.02383047100005], [9.014008009000065, 57.030178127000056], [8.996755405000044, 57.02806224200003], [8.901621941000087, 56.98627350500004], [8.893077019000089, 56.999660549000055], [8.850433790000068, 57.00348541900007], [8.83334394600007, 56.99713776200008], [8.847992384000065, 56.98847077000005], [8.811696811000047, 56.96987539300005], [8.762054884000065, 56.95547109600005], [8.726410352000073, 56.96124909100007], [8.679535352000073, 56.95254140800006], [8.668793165000068, 56.945298570000034], [8.663340691000087, 56.92593008000006], [8.621104363000086, 56.89411041900007], [8.607920769000089, 56.849676825000074], [8.569590691000087, 56.818426825000074], [8.536306186000047, 56.814520575000074], [8.491384311000047, 56.794256903000075], [8.483897332000083, 56.78115469000005], [8.491465691000087, 56.73139069200005], [8.476410352000073, 56.71596914300005], [8.525563998000052, 56.71596914300005], [8.533050977000073, 56.70380280200004], [8.52702884200005, 56.695298570000034], [8.500987175000091, 56.688666083000044], [8.45289147200009, 56.702337958000044], [8.408213738000086, 56.688666083000044], [8.408213738000086, 56.68121979400007], [8.455902540000068, 56.688666083000044], [8.500987175000091, 56.674994208000044], [8.571543816000087, 56.69196198100008], [8.586273634000065, 56.688666083000044], [8.586273634000065, 56.65387604400007], [8.608083530000044, 56.63104889500005], [8.583018425000091, 56.60932038000004], [8.54664147200009, 56.60171133000006], [8.559580925000091, 56.593003648000035], [8.539317254000082, 56.59275950700004], [8.51148522200009, 56.60700104400007], [8.467295769000089, 56.652044989000046], [8.444834832000083, 56.664048570000034], [8.373383009000065, 56.68024323100008], [8.352224155000044, 56.69293854400007], [8.319509311000047, 56.72215403900003], [8.302012566000087, 56.763739325000074], [8.243662957000083, 56.777411200000074], [8.263194207000083, 56.71893952000005], [8.260752800000091, 56.70538971600007], [8.24586022200009, 56.704006252000056], [8.236175977000073, 56.771185614000046], [8.247894727000073, 56.81244538000004], [8.270355665000068, 56.84324778900003], [8.449717644000089, 57.003973700000074], [8.50359134200005, 57.03465403900003], [8.586273634000065, 57.10639069200005], [8.618011915000068, 57.12287018400008], [8.783946160000085, 57.104803778000075], [8.914561394000089, 57.12742747600004], [8.980479363000086, 57.161037502000056], [9.230642123000052, 57.14109935100004], [9.321543816000087, 57.14704010600008], [9.412119988000086, 57.16543203300006], [9.49781334700009, 57.19700755400004], [9.573252800000091, 57.24290599200003], [9.78842207100007, 57.45929596600007], [9.895355665000068, 57.53156159100007], [9.929860873000052, 57.56745026200008], [9.966970248000052, 57.59137604400007], [10.197601759000065, 57.601223049000055], [10.279551629000082, 57.62091705900008], [10.350596550000091, 57.64899323100008], [10.472504102000073, 57.71698639500005], [10.539073113000086, 57.743841864000046], [10.596039259000065, 57.751166083000044], [10.648936394000089, 57.73700592700004], [10.594411655000044, 57.725897528000075], [10.542491082000083, 57.698919989000046], [10.460459832000083, 57.630560614000046], [10.430430535000085, 57.57054271000004], [10.45834394600007, 57.525458075000074], [10.508962436000047, 57.484035549000055], [10.54656009200005, 57.43528880400004], [10.517425977000073, 57.39130280200004], [10.517914259000065, 57.339178778000075], [10.539073113000086, 57.23672109600005], [10.446787957000083, 57.184881903000075], [10.41146894600007, 57.14443594000005], [10.384043816000087, 57.074204820000034], [10.347178582000083, 57.010199286000045], [10.31967207100007, 56.99750397300005], [10.239756707000083, 56.99282461100006], [10.15601647200009, 57.02383047100005], [10.094004754000082, 57.06049225500004], [9.994639519000089, 57.09271881700005], [9.974457227000073, 57.08649323100008], [9.946136915000068, 57.06118398600006], [9.926931186000047, 57.058579820000034], [9.945485873000052, 57.05731842700004], [10.001963738000086, 57.08388906500005], [10.192393425000091, 56.99404531500005], [10.313731316000087, 56.982855536000045], [10.279551629000082, 56.955511786000045], [10.265879754000082, 56.90770091400003], [10.295420769000089, 56.77887604400007], [10.31999759200005, 56.73647695500006], [10.340586785000085, 56.71735260600008], [10.318695509000065, 56.708238023000035], [10.237559441000087, 56.71596914300005], [10.203868035000085, 56.702337958000044], [10.146494988000086, 56.722357489000046], [9.945567254000082, 56.65814850500004], [9.805918816000087, 56.64704010600008], [9.805918816000087, 56.64020416900007], [9.85132897200009, 56.63572825700004], [10.001475457000083, 56.661322333000044], [10.049571160000085, 56.674994208000044], [10.062836134000065, 56.688666083000044], [10.10132897200009, 56.68268463700008], [10.123789910000085, 56.69232819200005], [10.134776238000086, 56.71238841400003], [10.150563998000052, 56.71442291900007], [10.18336022200009, 56.70856354400007], [10.175791863000086, 56.69546133000006], [10.24195397200009, 56.688381252000056], [10.283539259000065, 56.68976471600007], [10.334239129000082, 56.70384349200003], [10.352793816000087, 56.68183014500005], [10.357676629000082, 56.64874909100007], [10.340342644000089, 56.620347398000035], [10.214366082000083, 56.558294989000046], [10.203868035000085, 56.51666901200008], [10.211436394000089, 56.50531647300005], [10.20679772200009, 56.49095286700003], [10.18336022200009, 56.46954987200007], [10.225596550000091, 56.47573476800005], [10.227549675000091, 56.541083075000074], [10.23764082100007, 56.554388739000046], [10.330332879000082, 56.603216864000046], [10.35092207100007, 56.59589264500005], [10.365244988000086, 56.55841705900008], [10.469899936000047, 56.52090078300006], [10.551524285000085, 56.51557038000004], [10.822276238000086, 56.53424713700008], [10.869883660000085, 56.51471588700008], [10.90211022200009, 56.48322174700007], [10.964121941000087, 56.448431708000044], [10.964121941000087, 56.44220612200007], [10.940928582000083, 56.42951080900008], [10.928477410000085, 56.40648021000004], [10.922618035000085, 56.35626862200007], [10.911631707000083, 56.334051825000074], [10.819590691000087, 56.260931708000044], [10.755381707000083, 56.22931549700007], [10.752614780000044, 56.18496328300006], [10.738617384000065, 56.15452708500004], [10.707041863000086, 56.15086497600004], [10.672211134000065, 56.16518789300005], [10.648936394000089, 56.188381252000056], [10.68523196700005, 56.19623444200005], [10.687673373000052, 56.22223541900007], [10.62859134200005, 56.237534898000035], [10.549164259000065, 56.17820872600004], [10.573741082000083, 56.112616278000075], [10.548024936000047, 56.101263739000046], [10.518565300000091, 56.102728583000044], [10.491221550000091, 56.139960028000075], [10.525401238000086, 56.153631903000075], [10.50945071700005, 56.17011139500005], [10.46810957100007, 56.177069403000075], [10.408702019000089, 56.16486237200007], [10.354665561000047, 56.202053127000056], [10.429209832000083, 56.22247955900008], [10.477793816000087, 56.202337958000044], [10.491221550000091, 56.21629466400003], [10.47429446700005, 56.23224518400008], [10.475433790000068, 56.24469635600008], [10.504730665000068, 56.277777411000045], [10.476817254000082, 56.280910549000055], [10.442637566000087, 56.29865143400008], [10.416758660000085, 56.291896877000056], [10.403005405000044, 56.29824453300006], [10.393809441000087, 56.27651601800005], [10.363780144000089, 56.26557038000004], [10.336924675000091, 56.23273346600007], [10.258474155000044, 56.19025299700007], [10.234222852000073, 56.17133209800005], [10.220225457000083, 56.14789459800005], [10.259043816000087, 56.09902578300006], [10.265635613000086, 56.07371653900003], [10.26148522200009, 56.05442942900004], [10.231130405000044, 56.01703522300005], [10.272715691000087, 56.02484772300005], [10.277517123000052, 56.01776764500005], [10.252452019000089, 55.98623281500005], [10.245371941000087, 55.91461823100008], [10.217539910000085, 55.889837958000044], [10.18336022200009, 55.87372467700004], [10.199392123000052, 55.85073476800005], [10.182139519000089, 55.833685614000046], [10.151052280000044, 55.83812083500004], [10.123789910000085, 55.87327708500004], [10.101817254000082, 55.88239166900007], [10.004649285000085, 55.87986888200004], [9.97046959700009, 55.859442450000074], [9.944509311000047, 55.853583075000074], [9.867442254000082, 55.851996161000045], [9.892588738000086, 55.83624909100007], [10.045746290000068, 55.81395091400003], [10.01734459700009, 55.76557038000004], [10.019786004000082, 55.757879950000074], [10.059825066000087, 55.75641510600008], [10.059825066000087, 55.74949778900003], [10.018809441000087, 55.73627350500004], [10.006846550000091, 55.725043036000045], [10.018239780000044, 55.70856354400007], [10.00521894600007, 55.70111725500004], [9.981700066000087, 55.709418036000045], [9.792246941000087, 55.67446523600006], [9.730967644000089, 55.68813711100006], [9.686534050000091, 55.70856354400007], [9.583018425000091, 55.70888906500005], [9.559580925000091, 55.71539948100008], [9.552744988000086, 55.70111725500004], [9.57357832100007, 55.69546133000006], [9.658539259000065, 55.69037506700005], [9.71029707100007, 55.660142320000034], [9.738291863000086, 55.62970612200007], [9.853770379000082, 55.626654364000046], [9.757660352000073, 55.571600653000075], [9.712412957000083, 55.56028880400004], [9.706879102000073, 55.53729889500005], [9.607269727000073, 55.516791083000044], [9.559580925000091, 55.52362702000005], [9.566416863000086, 55.516791083000044], [9.551931186000047, 55.505113023000035], [9.498057488000086, 55.489447333000044], [9.534434441000087, 55.48383209800005], [9.602386915000068, 55.495794989000046], [9.660166863000086, 55.47797272300005], [9.664235873000052, 55.46670156500005], [9.648936394000089, 55.441066799000055], [9.586761915000068, 55.427435614000046], [9.607920769000089, 55.39325592700004], [9.600840691000087, 55.36591217700004], [9.645274285000085, 55.34271881700005], [9.648285352000073, 55.332912502000056], [9.634613477000073, 55.317572333000044], [9.681895379000082, 55.274644273000035], [9.706065300000091, 55.26508209800005], [9.71029707100007, 55.24868398600006], [9.684418165000068, 55.19757721600007], [9.642100457000083, 55.18842194200005], [9.569834832000083, 55.19253164300005], [9.545909050000091, 55.17413971600007], [9.486338738000086, 55.156236070000034], [9.486338738000086, 55.14740631700005], [9.511892123000052, 55.14008209800005], [9.511892123000052, 55.13320547100005], [9.456553582000083, 55.12571849200003], [9.521332227000073, 55.11587148600006], [9.559580925000091, 55.08539459800005], [9.516612175000091, 55.05654531500005], [9.434336785000085, 55.037543036000045], [9.442881707000083, 55.02338288000004], [9.455251498000052, 55.02317942900004], [9.545909050000091, 55.036363023000035], [9.579925977000073, 55.05068594000005], [9.662608269000089, 55.00971100500004], [9.717539910000085, 55.001166083000044], [9.730967644000089, 54.995428778000075], [9.738617384000065, 54.98086172100005], [9.763194207000083, 54.900458075000074], [9.751963738000086, 54.893011786000045], [9.711436394000089, 54.89858633000006], [9.703461134000065, 54.88617584800005], [9.744476759000065, 54.86627838700008], [9.750254754000082, 54.84625885600008], [9.745941602000073, 54.836004950000074], [9.731211785000085, 54.83152903900003], [9.69662519600007, 54.85887278900003], [9.655039910000085, 54.857082424000055], [9.623301629000082, 54.865301825000074], [9.634613477000073, 54.879339911000045], [9.610362175000091, 54.903225002000056], [9.64421634200005, 54.913275458000044], [9.638845248000052, 54.92475006700005], [9.61500084700009, 54.93268463700008], [9.586761915000068, 54.927720445000034], [9.545909050000091, 54.879339911000045], [9.522146030000044, 54.87929922100005], [9.45639082100007, 54.843817450000074], [9.442881707000083, 54.83152903900003], [9.436289910000085, 54.81045156500005], [9.510996941000087, 54.827826239000046], [9.579925977000073, 54.86627838700008], [9.583181186000047, 54.83026764500005], [9.734629754000082, 54.80731842700004], [9.801768425000091, 54.78339264500005], [9.823741082000083, 54.756740627000056], [9.895355665000068, 54.76947663000004], [9.891449415000068, 54.790269273000035], [9.915049675000091, 54.79120514500005], [9.947520379000082, 54.77952708500004], [9.97046959700009, 54.76264069200005], [9.990489129000082, 54.72052643400008], [10.018239780000044, 54.701239325000074], [10.005381707000083, 54.69550202000005], [9.97046959700009, 54.701239325000074], [9.932383660000085, 54.685248114000046], [9.92945397200009, 54.673895575000074], [9.996348504000082, 54.67877838700008], [10.01140384200005, 54.66705963700008], [10.033539259000065, 54.67291901200008], [10.039073113000086, 54.66681549700007], [10.031911655000044, 54.652777411000045], [10.037608269000089, 54.61908600500004], [10.026866082000083, 54.55996328300006], [10.010427280000044, 54.53432851800005], [9.965586785000085, 54.50617096600007], [9.925303582000083, 54.49310944200005], [9.840098504000082, 54.482123114000046], [9.840098504000082, 54.47528717700004], [9.883311394000089, 54.462103583000044], [10.12468509200005, 54.495754299000055], [10.143402540000068, 54.491848049000055], [10.203868035000085, 54.461004950000074], [10.183929884000065, 54.44936758000006], [10.19703209700009, 54.41010163000004], [10.191254102000073, 54.39671458500004], [10.141774936000047, 54.372259833000044], [10.148285352000073, 54.36517975500004], [10.141774936000047, 54.358587958000044], [10.155528191000087, 54.343410549000055], [10.141774936000047, 54.32440827000005], [10.180349155000044, 54.341131903000075], [10.22437584700009, 54.41380442900004], [10.272146030000044, 54.42007070500006], [10.318369988000086, 54.44330475500004], [10.360850457000083, 54.441107489000046], [10.443369988000086, 54.40639883000006], [10.601084832000083, 54.36542389500005], [10.690196160000085, 54.31622955900008], [10.731293165000068, 54.310207424000055], [10.77711022200009, 54.31513092700004], [10.867930535000085, 54.358587958000044], [10.93531334700009, 54.37954336100006], [11.018809441000087, 54.38589101800005], [11.018809441000087, 54.37909577000005], [10.975840691000087, 54.37840403900003], [11.010508660000085, 54.37718333500004], [11.033946160000085, 54.367621161000045], [11.104177280000044, 54.39288971600007], [11.135508660000085, 54.38589101800005], [11.087738477000073, 54.35175202000005], [11.066579623000052, 54.358587958000044], [11.094493035000085, 54.28351471600007], [11.087087436000047, 54.27090078300006], [11.094493035000085, 54.22508372600004], [11.090179884000065, 54.20799388200004], [11.066579623000052, 54.18390534100007], [10.950450066000087, 54.13947174700007], [10.892832879000082, 54.10252513200004], [10.836110873000052, 54.08999258000006], [10.822276238000086, 54.097357489000046], [10.805430535000085, 54.09487539300005], [10.752614780000044, 54.050116278000075], [10.765879754000082, 54.02435944200005], [10.799652540000068, 54.00055573100008], [10.875498894000089, 53.995428778000075], [10.887380405000044, 53.96393463700008], [10.922618035000085, 53.961371161000045], [10.964691602000073, 53.98541901200008], [11.053477410000085, 54.00849030200004], [11.175059441000087, 54.018011786000045], [11.19076582100007, 54.01032135600008], [11.204356316000087, 53.98924388200004], [11.245371941000087, 53.97842031500005], [11.242930535000085, 53.94521719000005], [11.293711785000085, 53.94086334800005], [11.334157748000052, 53.961371161000045], [11.358246290000068, 53.94086334800005], [11.399912957000083, 53.94086334800005], [11.438731316000087, 53.90912506700005], [11.457692905000044, 53.90615469000005], [11.476817254000082, 53.95270416900007], [11.47242272200009, 53.968817450000074], [11.497894727000073, 53.98183828300006], [11.491709832000083, 54.00234609600005], [11.525889519000089, 54.022772528000075], [11.519053582000083, 54.036444403000075], [11.553233269000089, 54.03021881700005], [11.573496941000087, 54.039048570000034], [11.591319207000083, 54.065619208000044], [11.624522332000083, 54.083644924000055], [11.625254754000082, 54.109808661000045], [11.65788821700005, 54.142238674000055], [11.689707879000082, 54.15521881700005], [11.728770379000082, 54.15851471600007], [11.81226647200009, 54.14980703300006], [12.050629102000073, 54.17991771000004], [12.088145379000082, 54.19407786700003], [12.091644727000073, 54.11399974200003], [12.11500084700009, 54.09788646000004], [12.09506269600007, 54.145697333000044], [12.105479363000086, 54.15737539300005], [12.134287957000083, 54.16697825700004], [12.142832879000082, 54.18048737200007], [12.10132897200009, 54.17365143400008], [12.108897332000083, 54.18301015800006], [12.18685957100007, 54.243353583000044], [12.289398634000065, 54.275091864000046], [12.342133009000065, 54.303941148000035], [12.438324415000068, 54.395819403000075], [12.501963738000086, 54.47357819200005], [12.533864780000044, 54.488267320000034], [12.52702884200005, 54.482123114000046], [12.548350457000083, 54.46206289300005], [12.59148196700005, 54.45172760600008], [12.819102410000085, 54.45172760600008], [12.856618686000047, 54.441107489000046], [12.879649285000085, 54.44879791900007], [12.908376498000052, 54.444647528000075], [12.921153191000087, 54.43349844000005], [12.87077884200005, 54.41681549700007], [12.694590691000087, 54.433661200000074], [12.670420769000089, 54.42007070500006], [12.624196811000047, 54.42291901200008], [12.608409050000091, 54.40639883000006], [12.602224155000044, 54.41380442900004], [12.58171634200005, 54.40639883000006], [12.58765709700009, 54.39402903900003], [12.602224155000044, 54.39207591400003], [12.594737175000091, 54.38589101800005], [12.55404707100007, 54.39081452000005], [12.52702884200005, 54.372259833000044], [12.490977410000085, 54.39008209800005], [12.438487175000091, 54.38751862200007], [12.418467644000089, 54.360663153000075], [12.424001498000052, 54.344916083000044], [12.396739129000082, 54.35175202000005], [12.389903191000087, 54.344916083000044], [12.396494988000086, 54.33295319200005], [12.391612175000091, 54.32111237200007], [12.362559441000087, 54.310207424000055], [12.380137566000087, 54.27708567900004], [12.36882571700005, 54.269191799000055], [12.412445509000065, 54.25141022300005], [12.436778191000087, 54.247707424000055], [12.458181186000047, 54.255560614000046], [12.410329623000052, 54.269191799000055], [12.426280144000089, 54.28961823100008], [12.47242272200009, 54.310207424000055], [12.478688998000052, 54.33185455900008], [12.560557488000086, 54.358587958000044], [12.54078209700009, 54.36542389500005], [12.54078209700009, 54.372259833000044], [12.574229363000086, 54.372259833000044], [12.574229363000086, 54.37909577000005], [12.592946811000047, 54.36933014500005], [12.677256707000083, 54.39207591400003], [12.670420769000089, 54.40639883000006], [12.680837436000047, 54.41087474200003], [12.717539910000085, 54.41380442900004], [12.717539910000085, 54.40639883000006], [12.692393425000091, 54.396185614000046], [12.684092644000089, 54.372259833000044], [12.704600457000083, 54.399603583000044], [12.735036655000044, 54.378159898000035], [12.746104363000086, 54.38589101800005], [12.768565300000091, 54.380072333000044], [12.787119988000086, 54.39207591400003], [12.81804446700005, 54.35797760600008], [12.854665561000047, 54.357855536000045], [12.875987175000091, 54.36542389500005], [12.903819207000083, 54.399603583000044], [12.92937259200005, 54.41437409100007], [13.008799675000091, 54.43805573100008], [13.034190300000091, 54.433661200000074], [13.021494988000086, 54.42645905200004], [13.028575066000087, 54.40184153900003], [13.095550977000073, 54.372259833000044], [13.076670769000089, 54.35252513200004], [13.080739780000044, 54.337144273000035], [13.109222852000073, 54.310207424000055], [13.11491946700005, 54.28001536700003], [13.170664910000085, 54.276597398000035], [13.170664910000085, 54.269191799000055], [13.143402540000068, 54.263006903000075], [13.176117384000065, 54.264837958000044], [13.28882897200009, 54.23427969000005], [13.321787957000083, 54.194525458000044], [13.348887566000087, 54.18048737200007], [13.321543816000087, 54.16681549700007], [13.383799675000091, 54.17812734600005], [13.403493686000047, 54.17365143400008], [13.382985873000052, 54.15314362200007], [13.41773522200009, 54.15314362200007], [13.465098504000082, 54.09845612200007], [13.507090691000087, 54.091050523000035], [13.479258660000085, 54.12518952000005], [13.602712436000047, 54.13947174700007], [13.711924675000091, 54.17365143400008], [13.714691602000073, 54.164048570000034], [13.698252800000091, 54.15932851800005], [13.698252800000091, 54.15314362200007], [13.808116082000083, 54.104681708000044], [13.77320397200009, 54.04633209800005], [13.746104363000086, 54.036444403000075], [13.797618035000085, 53.998928127000056], [13.838633660000085, 53.986314195000034], [13.848643425000091, 53.95555247600004], [13.90601647200009, 53.943060614000046], [13.90756269600007, 53.93353913000004], [13.890147332000083, 53.91290924700007], [13.818532748000052, 53.87799713700008], [13.808116082000083, 53.86513906500005], [13.817067905000044, 53.85293203300006], [13.862803582000083, 53.84125397300005], [13.899912957000083, 53.80914948100008], [13.910655144000089, 53.81049225500004], [13.984222852000073, 53.77399323100008], [14.01734459700009, 53.769517320000034], [14.037445509000065, 53.75527578300006], [14.186534050000091, 53.73981354400007], [14.214691602000073, 53.74485911700003], [14.23414147200009, 53.761786200000074], [14.264496290000068, 53.751613674000055], [14.267425977000073, 53.73541901200008], [14.25953209700009, 53.72797272300005], [14.212738477000073, 53.70807526200008], [14.225352410000085, 53.70376211100006], [14.273692254000082, 53.70062897300005], [14.304860873000052, 53.712551174000055], [14.306162957000083, 53.720689195000034], [14.288584832000083, 53.72797272300005], [14.301605665000068, 53.73484935100004], [14.288584832000083, 53.74164459800005], [14.294200066000087, 53.74909088700008], [14.330414259000065, 53.73419830900008], [14.342051629000082, 53.714911200000074], [14.414561394000089, 53.68235911700003], [14.53101647200009, 53.65778229400007], [14.590586785000085, 53.59837474200003], [14.601573113000086, 53.626654364000046], [14.623789910000085, 53.63922760600008], [14.623789910000085, 53.65281810100004], [14.57593834700009, 53.65965403900003], [14.544932488000086, 53.70404694200005], [14.57593834700009, 53.769517320000034], [14.587412957000083, 53.76349518400008], [14.623789910000085, 53.769517320000034], [14.616709832000083, 53.79474518400008], [14.63062584700009, 53.85150788000004], [14.58961022200009, 53.81732819200005], [14.595876498000052, 53.81049225500004], [14.587087436000047, 53.81264883000006], [14.569102410000085, 53.82416413000004], [14.58961022200009, 53.83783600500004], [14.57585696700005, 53.854803778000075], [14.55209394600007, 53.86277903900003], [14.44117272200009, 53.86961497600004], [14.42554772200009, 53.87982819200005], [14.438161655000044, 53.899318752000056], [14.431895379000082, 53.90615469000005], [14.422048373000052, 53.896144924000055], [14.385101759000065, 53.89728424700007], [14.36304772200009, 53.87938060100004], [14.409190300000091, 53.87156810100004], [14.41765384200005, 53.86513906500005], [14.41570071700005, 53.85301341400003], [14.392588738000086, 53.840725002000056], [14.383555535000085, 53.84467194200005], [14.328298373000052, 53.83100006700005], [14.328298373000052, 53.82416413000004], [14.342051629000082, 53.82099030200004], [14.328298373000052, 53.81732819200005], [14.274668816000087, 53.83079661700003], [14.226573113000086, 53.871975002000056], [14.203135613000086, 53.87832265800006], [14.087412957000083, 53.870428778000075], [14.048350457000083, 53.87938060100004], [13.99586022200009, 53.85374583500004], [13.938487175000091, 53.84467194200005], [13.840098504000082, 53.85028717700004], [13.821787957000083, 53.86513906500005], [13.931651238000086, 53.899318752000056], [13.938975457000083, 53.92820872600004], [13.901866082000083, 53.96979401200008], [13.904470248000052, 53.995428778000075], [13.972666863000086, 53.98924388200004], [13.958994988000086, 53.94086334800005], [13.987478061000047, 53.96141185100004], [14.027842644000089, 53.961371161000045], [14.014333530000044, 53.94708893400008], [14.048350457000083, 53.94086334800005], [14.040293816000087, 53.95384349200003], [14.053070509000065, 53.97842031500005], [14.051280144000089, 54.005072333000044], [14.037445509000065, 54.02171458500004], [14.014333530000044, 54.01601797100005], [13.981700066000087, 54.056341864000046], [13.946055535000085, 54.06659577000005], [13.915863477000073, 54.05638255400004], [13.924815300000091, 54.036444403000075], [13.890879754000082, 54.01015859600005], [13.855967644000089, 54.00234609600005], [13.858083530000044, 54.01577383000006], [13.87631269600007, 54.036444403000075], [13.863617384000065, 54.049994208000044], [13.823008660000085, 54.03790924700007], [13.794200066000087, 54.01813385600008], [13.774099155000044, 54.022772528000075], [13.809255405000044, 54.075100002000056], [13.814952019000089, 54.101263739000046], [13.806162957000083, 54.11664459800005], [13.752940300000091, 54.15314362200007], [13.777598504000082, 54.17401764500005], [13.814952019000089, 54.17365143400008], [13.855967644000089, 54.118353583000044], [13.88249759200005, 54.102443752000056], [14.016612175000091, 54.06000397300005], [14.192393425000091, 53.94611237200007], [14.237478061000047, 53.92865631700005], [14.367035352000073, 53.91697825700004], [14.406748894000089, 53.92182038000004], [14.51734459700009, 53.96523672100005], [14.781911655000044, 54.03461334800005], [15.010101759000065, 54.06981028900003], [15.288340691000087, 54.13886139500005], [15.66578209700009, 54.198431708000044], [15.859711134000065, 54.249986070000034], [16.02084394600007, 54.261786200000074], [16.131521030000044, 54.28351471600007], [16.06934655000009, 54.263006903000075], [16.091075066000087, 54.253973700000074], [16.179209832000083, 54.263006903000075], [16.17237389400009, 54.276597398000035], [16.22006269600007, 54.276597398000035], [16.213226759000065, 54.28351471600007], [16.215179884000065, 54.29962799700007], [16.13770592500009, 54.290269273000035], [16.213552280000044, 54.316107489000046], [16.275401238000086, 54.358587958000044], [16.23178144600007, 54.32257721600007], [16.32390384200005, 54.34992096600007], [16.336761915000068, 54.358587958000044], [16.324880405000044, 54.373114325000074], [16.305023634000065, 54.373480536000045], [16.281586134000065, 54.358587958000044], [16.32398522200009, 54.40131256700005], [16.439789259000065, 54.488267320000034], [16.434418165000068, 54.472357489000046], [16.444509311000047, 54.46987539300005], [16.473399285000085, 54.482123114000046], [16.479746941000087, 54.49555084800005], [16.473887566000087, 54.499660549000055], [16.446055535000085, 54.488267320000034], [16.46656334700009, 54.512152411000045], [16.50131269600007, 54.532416083000044], [16.569590691000087, 54.55719635600008], [16.778493686000047, 54.57514069200005], [16.93995201900009, 54.60602448100008], [17.035817905000044, 54.66705963700008], [17.337412957000083, 54.74900950700004], [17.715668165000068, 54.79043203300006], [17.885427280000044, 54.82412344000005], [18.152354363000086, 54.838324286000045], [18.33952884200005, 54.83348216400003], [18.375824415000068, 54.81513092700004], [18.75171959700009, 54.69009023600006], [18.813975457000083, 54.64321523600006], [18.834320509000065, 54.61668528900003], [18.83529707100007, 54.60309479400007], [18.817637566000087, 54.59813060100004], [18.802256707000083, 54.61603424700007], [18.784027540000068, 54.62352122600004], [18.707774285000085, 54.701239325000074], [18.654551629000082, 54.710150458000044], [18.64503014400009, 54.71954987200007], [18.498220248000052, 54.76536692900004], [18.456309441000087, 54.78766510600008], [18.429209832000083, 54.781683661000045], [18.41309655000009, 54.746527411000045], [18.41309655000009, 54.73191966400003], [18.44776451900009, 54.71824778900003], [18.474457227000073, 54.687567450000074], [18.47038821700005, 54.66673411700003], [18.481944207000083, 54.65961334800005], [18.47592207100007, 54.64008209800005], [18.48731530000009, 54.63178131700005], [18.50635826900009, 54.634100653000075], [18.522959832000083, 54.646551825000074], [18.517100457000083, 54.62995026200008], [18.570648634000065, 54.55036041900007], [18.567556186000047, 54.48786041900007], [18.574066602000073, 54.450384833000044], [18.588063998000052, 54.433661200000074], [18.69434655000009, 54.40452708500004], [18.71729576900009, 54.382025458000044], [18.885915561000047, 54.35016510600008], [18.92318769600007, 54.348537502000056], [18.954356316000087, 54.358587958000044], [19.002126498000052, 54.344916083000044]]}}, {"type": "Feature", "properties": {}, "geometry": {"type": "LineString", "coordinates": [[0.9114689460000704, 51.412176825000074], [0.7669376960000704, 51.44794342700004], [0.7468367850000845, 51.43964264500005], [0.7338973320000832, 51.412176825000074], [0.7575789720000898, 51.386419989000046], [0.7947697270000731, 51.37055084800005], [0.9114689460000704, 51.36440664300005], [0.9363712900000678, 51.37103913000004], [0.9421492850000845, 51.38300202000005], [0.9114689460000704, 51.412176825000074]]}}, {"type": "Feature", "properties": {}, "geometry": {"type": "LineString", "coordinates": [[4.036631707000083, 51.68585846600007], [3.961761915000068, 51.73810455900008], [3.81421959700009, 51.74823639500005], [3.725840691000087, 51.73973216400009], [3.689463738000086, 51.725043036000045], [3.686696811000047, 51.692694403000075], [3.700043165000068, 51.68060944200005], [3.720550977000073, 51.67682526200008], [3.76539147200009, 51.67841217700004], [3.795909050000091, 51.70014069200005], [3.8092554050000444, 51.69953034100007], [3.885590040000068, 51.66836172100005], [3.901540561000047, 51.64199453300006], [3.9602970710000704, 51.62384674700007], [4.054860873000052, 51.63263580900008], [4.09937584700009, 51.65412018400008], [4.09734134200005, 51.67023346600007], [4.036631707000083, 51.68585846600007]]}}, {"type": "Feature", "properties": {}, "geometry": {"type": "LineString", "coordinates": [[4.892588738000086, 53.111029364000046], [4.90992272200009, 53.118841864000046], [4.910166863000086, 53.13458893400008], [4.885752800000091, 53.16620514500005], [4.889821811000047, 53.180853583000044], [4.854340040000068, 53.18773021000004], [4.805674675000091, 53.13300202000005], [4.7584741550000444, 53.10846588700008], [4.733653191000087, 53.08421458500004], [4.713877800000091, 53.05463288000004], [4.7076929050000444, 53.02846914300005], [4.726817254000082, 53.00307851800005], [4.761973504000082, 52.99433014500005], [4.7956649100000845, 53.00031159100007], [4.81812584700009, 53.02676015800006], [4.865244988000086, 53.05019765800006], [4.8930770190000885, 53.07611725500004], [4.913096550000091, 53.104803778000075], [4.892588738000086, 53.104803778000075], [4.892588738000086, 53.111029364000046]]}}, {"type": "Feature", "properties": {}, "geometry": {"type": "LineString", "coordinates": [[4.878916863000086, 53.22089264500005], [4.910166863000086, 53.21246979400007], [5.0364689460000704, 53.29181549700007], [5.1048283210000704, 53.302801825000074], [5.1048283210000704, 53.30963776200008], [5.05445397200009, 53.313788153000075], [4.986501498000052, 53.28998444200005], [4.878916863000086, 53.22089264500005]]}}, {"type": "Feature", "properties": {}, "geometry": {"type": "LineString", "coordinates": [[5.42359459700009, 53.43036530200004], [5.407237175000091, 53.42255280200004], [5.250173373000052, 53.40643952000005], [5.178884311000047, 53.38544342700004], [5.16765384200005, 53.36823151200008], [5.179860873000052, 53.35309479400007], [5.2083439460000704, 53.35268789300005], [5.427012566000087, 53.40643952000005], [5.468597852000073, 53.40851471600007], [5.481700066000087, 53.41266510600008], [5.475433790000068, 53.426947333000044], [5.562022332000083, 53.43431224200003], [5.5852970710000704, 53.45359935100004], [5.42359459700009, 53.43036530200004]]}}, {"type": "Feature", "properties": {}, "geometry": {"type": "LineString", "coordinates": [[5.674001498000052, 53.46792226800005], [5.6588647800000444, 53.471869208000044], [5.6419376960000704, 53.46336497600004], [5.6360783210000704, 53.44867584800005], [5.653575066000087, 53.43374258000006], [5.678965691000087, 53.430121161000045], [5.752777540000068, 53.44741445500006], [5.855642123000052, 53.44741445500006], [5.954600457000083, 53.46108633000006], [5.91382897200009, 53.473863023000035], [5.674001498000052, 53.46792226800005]]}}, {"type": "Feature", "properties": {}, "geometry": {"type": "LineString", "coordinates": [[6.211761915000068, 53.50885651200008], [6.147959832000083, 53.49485911700003], [6.12281334700009, 53.481634833000044], [6.1333113940000885, 53.46792226800005], [6.1274520190000885, 53.45990631700005], [6.1333113940000885, 53.45359935100004], [6.153168165000068, 53.468817450000074], [6.338715040000068, 53.502020575000074], [6.338715040000068, 53.50885651200008], [6.310801629000082, 53.51414622600004], [6.211761915000068, 53.50885651200008]]}}, {"type": "Feature", "properties": {}, "geometry": {"type": "LineString", "coordinates": [[6.44117272200009, 53.556626695000034], [6.46070397200009, 53.54336172100005], [6.496429884000065, 53.53620026200008], [6.510101759000065, 53.54360586100006], [6.44117272200009, 53.556626695000034]]}}, {"type": "Feature", "properties": {}, "geometry": {"type": "LineString", "coordinates": [[6.798106316000087, 53.60443756700005], [6.784678582000083, 53.62006256700005], [6.6595158210000704, 53.59910716400003], [6.6770939460000704, 53.57562897300005], [6.69507897200009, 53.570298570000034], [6.726084832000083, 53.57713450700004], [6.7565210300000444, 53.56289297100005], [6.72242272200009, 53.59076569200005], [6.798106316000087, 53.60443756700005]]}}, {"type": "Feature", "properties": {}, "geometry": {"type": "LineString", "coordinates": [[6.8737899100000845, 53.672756252000056], [7.085459832000083, 53.68699778900003], [7.047048373000052, 53.69415924700007], [6.9108179050000444, 53.683661200000074], [6.8737899100000845, 53.672756252000056]]}}, {"type": "Feature", "properties": {}, "geometry": {"type": "LineString", "coordinates": [[7.133148634000065, 53.70807526200008], [7.17359459700009, 53.70140208500004], [7.295746290000068, 53.711004950000074], [7.346690300000091, 53.72321198100008], [7.2329207690000885, 53.72943756700005], [7.178965691000087, 53.72406647300005], [7.133148634000065, 53.70807526200008]]}}, {"type": "Feature", "properties": {}, "geometry": {"type": "LineString", "coordinates": [[7.3665470710000704, 53.72797272300005], [7.4212345710000704, 53.721136786000045], [7.435557488000086, 53.72797272300005], [7.403493686000047, 53.73672109600005], [7.3665470710000704, 53.72797272300005]]}}, {"type": "Feature", "properties": {}, "geometry": {"type": "LineString", "coordinates": [[8.120127800000091, 53.721136786000045], [8.120127800000091, 53.71430084800005], [8.150889519000089, 53.71430084800005], [8.195974155000044, 53.72797272300005], [8.152354363000086, 53.739162502000056], [8.132660352000073, 53.734035549000055], [8.120127800000091, 53.721136786000045]]}}, {"type": "Feature", "properties": {}, "geometry": {"type": "LineString", "coordinates": [[7.517425977000073, 53.76211172100005], [7.474619988000086, 53.75682200700004], [7.472992384000065, 53.73187897300005], [7.511241082000083, 53.72797272300005], [7.513926629000082, 53.74551015800006], [7.547699415000068, 53.750433661000045], [7.627207879000082, 53.75092194200005], [7.606618686000047, 53.762600002000056], [7.517425977000073, 53.76211172100005]]}}, {"type": "Feature", "properties": {}, "geometry": {"type": "LineString", "coordinates": [[7.6608992850000845, 53.76211172100005], [7.6770939460000704, 53.757798570000034], [7.69499759200005, 53.769517320000034], [7.7194930350000845, 53.75991445500006], [7.748220248000052, 53.760931708000044], [7.812836134000065, 53.77635325700004], [7.812836134000065, 53.78314850500004], [7.6862899100000845, 53.78099192900004], [7.6608992850000845, 53.76211172100005]]}}, {"type": "Feature", "properties": {}, "geometry": {"type": "LineString", "coordinates": [[7.8737899100000845, 53.77635325700004], [7.875254754000082, 53.788397528000075], [7.9555770190000885, 53.782904364000046], [7.897634311000047, 53.79629140800006], [7.854502800000091, 53.78457265800006], [7.8737899100000845, 53.77635325700004]]}}, {"type": "Feature", "properties": {}, "geometry": {"type": "LineString", "coordinates": [[11.375661655000044, 53.98183828300006], [11.423106316000087, 53.96771881700005], [11.437754754000082, 53.97500234600005], [11.43327884200005, 53.98875560100004], [11.44703209700009, 53.99713776200008], [11.445323113000086, 53.96112702000005], [11.457692905000044, 53.961371161000045], [11.497894727000073, 54.022772528000075], [11.468028191000087, 54.030951239000046], [11.426605665000068, 54.02293528900003], [11.39039147200009, 54.00458405200004], [11.375661655000044, 53.98183828300006]]}}, {"type": "Feature", "properties": {}, "geometry": {"type": "LineString", "coordinates": [[11.528493686000047, 54.075100002000056], [11.539561394000089, 54.05695221600007], [11.552744988000086, 54.07306549700007], [11.615896030000044, 54.11212799700007], [11.533946160000085, 54.084865627000056], [11.528493686000047, 54.075100002000056]]}}, {"type": "Feature", "properties": {}, "geometry": {"type": "LineString", "coordinates": [[8.963145379000082, 54.52366771000004], [8.919200066000087, 54.530462958000044], [8.844493035000085, 54.51972077000005], [8.812836134000065, 54.501939195000034], [8.82553144600007, 54.49119700700004], [8.812836134000065, 54.482123114000046], [8.82390384200005, 54.47085195500006], [8.844493035000085, 54.466498114000046], [8.887950066000087, 54.468451239000046], [8.911306186000047, 54.475490627000056], [8.956879102000073, 54.509426174000055], [8.963145379000082, 54.52366771000004]]}}, {"type": "Feature", "properties": {}, "geometry": {"type": "LineString", "coordinates": [[11.25562584700009, 54.47870514500005], [11.206553582000083, 54.51447174700007], [11.121267123000052, 54.53595612200007], [11.072927280000044, 54.53119538000004], [11.033702019000089, 54.50885651200008], [11.005707227000073, 54.468451239000046], [11.008474155000044, 54.45465729400007], [11.025726759000065, 54.45880768400008], [11.032481316000087, 54.447333075000074], [11.058116082000083, 54.45526764500005], [11.098643425000091, 54.45164622600004], [11.10132897200009, 54.423488674000055], [11.11264082100007, 54.415228583000044], [11.17904707100007, 54.41421133000006], [11.170176629000082, 54.42007070500006], [11.188487175000091, 54.42617422100005], [11.31421959700009, 54.41380442900004], [11.25562584700009, 54.47870514500005]]}}, {"type": "Feature", "properties": {}, "geometry": {"type": "LineString", "coordinates": [[13.143402540000068, 54.59813060100004], [13.143402540000068, 54.57770416900007], [13.149668816000087, 54.57770416900007], [13.149668816000087, 54.59137604400007], [13.157074415000068, 54.587958075000074], [13.151052280000044, 54.60492584800005], [13.109629754000082, 54.60309479400007], [13.102305535000085, 54.59609609600005], [13.06421959700009, 54.505113023000035], [13.061371290000068, 54.468451239000046], [13.068207227000073, 54.468451239000046], [13.075043165000068, 54.509426174000055], [13.102549675000091, 54.52993398600006], [13.11890709700009, 54.58641185100004], [13.143402540000068, 54.59813060100004]]}}, {"type": "Feature", "properties": {}, "geometry": {"type": "LineString", "coordinates": [[13.698252800000091, 54.39207591400003], [13.609548373000052, 54.41380442900004], [13.587901238000086, 54.437567450000074], [13.575450066000087, 54.471869208000044], [13.584808790000068, 54.48651764500005], [13.651133660000085, 54.51626211100006], [13.677256707000083, 54.54047272300005], [13.670664910000085, 54.56622955900008], [13.640472852000073, 54.58567942900004], [13.595957879000082, 54.59137604400007], [13.466319207000083, 54.57689036700003], [13.424571160000085, 54.585150458000044], [13.394541863000086, 54.60443756700005], [13.382985873000052, 54.636379299000055], [13.390879754000082, 54.65053945500006], [13.44507897200009, 54.673895575000074], [13.44507897200009, 54.68008047100005], [13.390798373000052, 54.68817780200004], [13.25359134200005, 54.66502513200004], [13.230967644000089, 54.65330638200004], [13.224782748000052, 54.63495514500005], [13.293467644000089, 54.642279364000046], [13.283946160000085, 54.61928945500006], [13.256846550000091, 54.594916083000044], [13.25326582100007, 54.56464264500005], [13.273285352000073, 54.56093984600005], [13.369151238000086, 54.61212799700007], [13.399261915000068, 54.57957591400003], [13.423838738000086, 54.57453034100007], [13.441416863000086, 54.55719635600008], [13.486582879000082, 54.55719635600008], [13.520762566000087, 54.57078685100004], [13.520762566000087, 54.56464264500005], [13.49968509200005, 54.55719635600008], [13.520762566000087, 54.52366771000004], [13.49968509200005, 54.495754299000055], [13.507090691000087, 54.488267320000034], [13.430674675000091, 54.49274323100008], [13.410899285000085, 54.509426174000055], [13.41732832100007, 54.52456289300005], [13.37671959700009, 54.56464264500005], [13.363129102000073, 54.55036041900007], [13.389821811000047, 54.54291413000004], [13.383799675000091, 54.53188711100006], [13.348887566000087, 54.52366771000004], [13.363129102000073, 54.54291413000004], [13.342051629000082, 54.55036041900007], [13.369395379000082, 54.585150458000044], [13.33366946700005, 54.57306549700007], [13.301036004000082, 54.55036041900007], [13.309255405000044, 54.534816799000055], [13.297862175000091, 54.51968008000006], [13.288259311000047, 54.539943752000056], [13.25953209700009, 54.55377838700008], [13.143402540000068, 54.54291413000004], [13.158864780000044, 54.540676174000055], [13.166026238000086, 54.51911041900007], [13.185394727000073, 54.50828685100004], [13.232758009000065, 54.51626211100006], [13.225352410000085, 54.501939195000034], [13.233246290000068, 54.493068752000056], [13.27312259200005, 54.482123114000046], [13.25953209700009, 54.468451239000046], [13.181813998000052, 54.45302969000005], [13.156993035000085, 54.42682526200008], [13.211599155000044, 54.43109772300005], [13.239024285000085, 54.42007070500006], [13.239268425000091, 54.39362213700008], [13.266856316000087, 54.38589101800005], [13.223317905000044, 54.37250397300005], [13.174327019000089, 54.383978583000044], [13.148936394000089, 54.37726471600007], [13.115489129000082, 54.33808014500005], [13.17750084700009, 54.310207424000055], [13.17750084700009, 54.303941148000035], [13.148936394000089, 54.304754950000074], [13.142832879000082, 54.29800039300005], [13.149668816000087, 54.290269273000035], [13.20484459700009, 54.29718659100007], [13.199229363000086, 54.284409898000035], [13.210134311000047, 54.275824286000045], [13.267914259000065, 54.25649648600006], [13.314707879000082, 54.263006903000075], [13.307871941000087, 54.269191799000055], [13.335215691000087, 54.28351471600007], [13.311534050000091, 54.25112539300005], [13.34701582100007, 54.23745351800005], [13.407237175000091, 54.228216864000046], [13.423024936000047, 54.23273346600007], [13.41773522200009, 54.266058661000045], [13.363129102000073, 54.263006903000075], [13.369395379000082, 54.255560614000046], [13.355723504000082, 54.24872467700004], [13.359629754000082, 54.275458075000074], [13.406097852000073, 54.285223700000074], [13.428884311000047, 54.31093984600005], [13.49968509200005, 54.344916083000044], [13.59929446700005, 54.35175202000005], [13.626800977000073, 54.339097398000035], [13.65007571700005, 54.352443752000056], [13.690928582000083, 54.35175202000005], [13.690928582000083, 54.344916083000044], [13.672129754000082, 54.34031810100004], [13.61695397200009, 54.317613023000035], [13.65992272200009, 54.329779364000046], [13.711924675000091, 54.33185455900008], [13.688243035000085, 54.31329987200007], [13.651133660000085, 54.303941148000035], [13.651133660000085, 54.29718659100007], [13.67945397200009, 54.29401276200008], [13.711924675000091, 54.303941148000035], [13.711924675000091, 54.28656647300005], [13.690928582000083, 54.28351471600007], [13.723155144000089, 54.27838776200008], [13.73015384200005, 54.316839911000045], [13.766449415000068, 54.344916083000044], [13.74195397200009, 54.350490627000056], [13.698252800000091, 54.39207591400003]]}}, {"type": "Feature", "properties": {}, "geometry": {"type": "LineString", "coordinates": [[8.332367384000065, 54.693793036000045], [8.360362175000091, 54.714829820000034], [8.320485873000052, 54.69871653900003], [8.291514519000089, 54.66705963700008], [8.353688998000052, 54.61896393400008], [8.401377800000091, 54.63296133000006], [8.382334832000083, 54.63914622600004], [8.332367384000065, 54.693793036000045]]}}, {"type": "Feature", "properties": {}, "geometry": {"type": "LineString", "coordinates": [[8.497569207000083, 54.75641510600008], [8.436778191000087, 54.748480536000045], [8.394541863000086, 54.714829820000034], [8.45281009200005, 54.69383372600004], [8.485199415000068, 54.68805573100008], [8.511241082000083, 54.693793036000045], [8.55209394600007, 54.68500397300005], [8.574066602000073, 54.69440338700008], [8.593760613000086, 54.72166575700004], [8.57593834700009, 54.74640534100007], [8.553233269000089, 54.75446198100008], [8.497569207000083, 54.75641510600008]]}}, {"type": "Feature", "properties": {}, "geometry": {"type": "LineString", "coordinates": [[11.845225457000083, 54.73191966400003], [11.855479363000086, 54.74359772300005], [11.848643425000091, 54.77317942900004], [11.787608269000089, 54.80687083500004], [11.772959832000083, 54.82469310100004], [11.787282748000052, 54.83152903900003], [11.75562584700009, 54.841131903000075], [11.731944207000083, 54.85887278900003], [11.725759311000047, 54.87335846600007], [11.649424675000091, 54.91351959800005], [11.644786004000082, 54.88963450700004], [11.656260613000086, 54.86627838700008], [11.594737175000091, 54.85887278900003], [11.572764519000089, 54.84796784100007], [11.594737175000091, 54.81110260600008], [11.36890709700009, 54.88108958500004], [11.338877800000091, 54.919134833000044], [11.231700066000087, 54.96124909100007], [11.088145379000082, 54.94415924700007], [11.07398522200009, 54.94818756700005], [11.032399936000047, 54.919256903000075], [11.018809441000087, 54.90338776200008], [11.018809441000087, 54.88617584800005], [11.078379754000082, 54.841131903000075], [11.108164910000085, 54.83152903900003], [11.089691602000073, 54.810614325000074], [11.030772332000083, 54.812160549000055], [11.005707227000073, 54.80365631700005], [10.999196811000047, 54.786769924000055], [11.009287957000083, 54.77163320500006], [11.030528191000087, 54.760646877000056], [11.187754754000082, 54.73224518400008], [11.35873457100007, 54.66054922100005], [11.47437584700009, 54.62612539300005], [11.512217644000089, 54.646551825000074], [11.610524936000047, 54.66640859600005], [11.766123894000089, 54.646551825000074], [11.810720248000052, 54.65509674700007], [11.842621290000068, 54.676214911000045], [11.846446160000085, 54.69782135600008], [11.806976759000065, 54.70799388200004], [11.845225457000083, 54.73191966400003]]}}, {"type": "Feature", "properties": {}, "geometry": {"type": "LineString", "coordinates": [[10.450205925000091, 54.89980703300006], [10.463633660000085, 54.882473049000055], [10.460948113000086, 54.87449778900003], [10.426036004000082, 54.87250397300005], [10.388845248000052, 54.92031484600005], [10.39584394600007, 54.90346914300005], [10.391368035000085, 54.89545319200005], [10.349619988000086, 54.89671458500004], [10.28874759200005, 54.940741278000075], [10.18921959700009, 54.97748444200005], [10.211436394000089, 54.93935781500005], [10.383474155000044, 54.83075592700004], [10.406260613000086, 54.82469310100004], [10.440114780000044, 54.841498114000046], [10.518565300000091, 54.851996161000045], [10.498708530000044, 54.85887278900003], [10.499196811000047, 54.87457916900007], [10.450205925000091, 54.89980703300006]]}}, {"type": "Feature", "properties": {}, "geometry": {"type": "LineString", "coordinates": [[12.417165561000047, 55.03021881700005], [12.33529707100007, 55.033270575000074], [12.301768425000091, 55.04205963700008], [12.280039910000085, 55.06427643400008], [12.250987175000091, 55.06073639500005], [12.252696160000085, 55.043850002000056], [12.294200066000087, 55.02338288000004], [12.281260613000086, 55.007147528000075], [12.28687584700009, 54.98920319200005], [12.23218834700009, 54.97553131700005], [12.177012566000087, 54.98920319200005], [12.184336785000085, 54.97553131700005], [12.177012566000087, 54.968085028000075], [12.164398634000065, 54.972642320000034], [12.129161004000082, 54.954413153000075], [12.149099155000044, 54.94082265800006], [12.128916863000086, 54.931626695000034], [12.129161004000082, 54.91351959800005], [12.11500084700009, 54.91351959800005], [12.11500084700009, 54.90729401200008], [12.207774285000085, 54.88617584800005], [12.226817254000082, 54.892645575000074], [12.280039910000085, 54.93455638200004], [12.348399285000085, 54.96002838700008], [12.384613477000073, 54.96308014500005], [12.502777540000068, 54.94818756700005], [12.551768425000091, 54.95718008000006], [12.553721550000091, 54.968085028000075], [12.537608269000089, 55.002386786000045], [12.504730665000068, 55.01976146000004], [12.417165561000047, 55.03021881700005]]}}, {"type": "Feature", "properties": {}, "geometry": {"type": "LineString", "coordinates": [[8.360362175000091, 54.94818756700005], [8.351573113000086, 54.96674225500004], [8.361989780000044, 54.98680247600004], [8.380869988000086, 55.00307851800005], [8.42156009200005, 55.01626211100006], [8.430430535000085, 55.03001536700003], [8.422211134000065, 55.042181708000044], [8.394541863000086, 55.043850002000056], [8.463389519000089, 55.05068594000005], [8.41578209700009, 55.065334377000056], [8.373708530000044, 55.03497955900008], [8.298024936000047, 54.912543036000045], [8.288584832000083, 54.89130280200004], [8.27702884200005, 54.78278229400007], [8.284434441000087, 54.74237702000005], [8.295746290000068, 54.759100653000075], [8.294932488000086, 54.83152903900003], [8.307139519000089, 54.86538320500006], [8.343923373000052, 54.87909577000005], [8.377126498000052, 54.86627838700008], [8.446055535000085, 54.86627838700008], [8.504405144000089, 54.88617584800005], [8.629405144000089, 54.882147528000075], [8.654470248000052, 54.89362213700008], [8.436534050000091, 54.88727448100008], [8.38835696700005, 54.894232489000046], [8.354502800000091, 54.91274648600006], [8.360362175000091, 54.94818756700005]]}}, {"type": "Feature", "properties": {}, "geometry": {"type": "LineString", "coordinates": [[10.01140384200005, 54.97553131700005], [9.960948113000086, 55.01504140800006], [9.853037957000083, 55.04010651200008], [9.793467644000089, 55.08075592700004], [9.716644727000073, 55.08222077000005], [9.628428582000083, 55.05805084800005], [9.628428582000083, 55.05068594000005], [9.645518425000091, 55.04486725500004], [9.69662519600007, 55.05068594000005], [9.668793165000068, 55.03021881700005], [9.674164259000065, 55.02106354400007], [9.720550977000073, 55.01227448100008], [9.799082879000082, 55.01654694200005], [9.78679446700005, 55.00014883000006], [9.842133009000065, 54.97028229400007], [9.832774285000085, 54.96515534100007], [9.847504102000073, 54.94818756700005], [9.827403191000087, 54.94546133000006], [9.758148634000065, 54.981756903000075], [9.764414910000085, 54.97553131700005], [9.761241082000083, 54.943060614000046], [9.78093509200005, 54.91681549700007], [9.814707879000082, 54.90106842700004], [9.853770379000082, 54.89980703300006], [9.898285352000073, 54.912990627000056], [9.943695509000065, 54.903631903000075], [9.99154707100007, 54.879339911000045], [9.99154707100007, 54.87250397300005], [9.900889519000089, 54.90070221600007], [9.874278191000087, 54.893011786000045], [9.874278191000087, 54.88617584800005], [9.891123894000089, 54.87929922100005], [9.953623894000089, 54.862616278000075], [9.968028191000087, 54.85952383000006], [10.021983269000089, 54.879339911000045], [10.064463738000086, 54.88100820500006], [10.065114780000044, 54.89081452000005], [10.01140384200005, 54.97553131700005]]}}, {"type": "Feature", "properties": {}, "geometry": {"type": "LineString", "coordinates": [[10.854991082000083, 55.043850002000056], [10.79818769600007, 54.99656810100004], [10.69703209700009, 54.931341864000046], [10.68295332100007, 54.90729401200008], [10.700368686000047, 54.901556708000044], [10.717784050000091, 54.90729401200008], [10.724457227000073, 54.88617584800005], [10.69890384200005, 54.88117096600007], [10.684418165000068, 54.88784414300005], [10.640879754000082, 54.84320709800005], [10.601084832000083, 54.838324286000045], [10.656423373000052, 54.80365631700005], [10.681895379000082, 54.74481842700004], [10.693858269000089, 54.73529694200005], [10.731293165000068, 54.74005768400008], [10.741058790000068, 54.752386786000045], [10.837738477000073, 54.93724192900004], [10.908946160000085, 55.03021881700005], [10.95671634200005, 55.15371328300006], [10.934255405000044, 55.15965403900003], [10.895518425000091, 55.121527411000045], [10.861989780000044, 55.07208893400008], [10.854991082000083, 55.043850002000056]]}}, {"type": "Feature", "properties": {}, "geometry": {"type": "LineString", "coordinates": [[15.151377800000091, 55.13320547100005], [15.000498894000089, 55.18842194200005], [14.973399285000085, 55.216131903000075], [14.92679910000004, 55.21579873500008], [14.851422204000073, 55.24819985100004], [14.760915561000047, 55.30927155200004], [14.737071160000085, 55.26666901200008], [14.709239129000082, 55.23582591400003], [14.697044746000074, 55.12265371400008], [14.684172687000057, 55.10134680800007], [14.780832726000085, 55.05112832700007], [14.858606616000088, 55.038226353000084], [14.982869819000086, 55.00101340800006], [15.07266622600008, 54.99163800600007], [15.113242231000072, 55.01829487400005], [15.106618686000047, 55.04466380400004], [15.144704623000052, 55.087103583000044], [15.137705925000091, 55.11953359600005], [15.151377800000091, 55.13320547100005]]}}, {"type": "Feature", "properties": {}, "geometry": {"type": "LineString", "coordinates": [[8.476410352000073, 55.34544505400004], [8.450205925000091, 55.39337799700007], [8.463389519000089, 55.427435614000046], [8.411957227000073, 55.438706773000035], [8.408213738000086, 55.468410549000055], [8.37435957100007, 55.46328359600005], [8.364268425000091, 55.44904205900008], [8.370941602000073, 55.427435614000046], [8.402354363000086, 55.38003164300005], [8.451670769000089, 55.33974844000005], [8.476410352000073, 55.34544505400004]]}}, {"type": "Feature", "properties": {}, "geometry": {"type": "LineString", "coordinates": [[10.666270379000082, 55.06427643400008], [10.705577019000089, 55.062567450000074], [10.733653191000087, 55.07184479400007], [10.783376498000052, 55.124212958000044], [10.815196160000085, 55.214056708000044], [10.805349155000044, 55.250433661000045], [10.772959832000083, 55.287095445000034], [10.780284050000091, 55.30491771000004], [10.796885613000086, 55.30768463700008], [10.834320509000065, 55.290269273000035], [10.79664147200009, 55.35854726800005], [10.697927280000044, 55.44025299700007], [10.595957879000082, 55.45966217700004], [10.588552280000044, 55.44940827000005], [10.594248894000089, 55.441066799000055], [10.563324415000068, 55.43622467700004], [10.55404707100007, 55.442572333000044], [10.571299675000091, 55.46124909100007], [10.657481316000087, 55.45970286700003], [10.742360873000052, 55.487494208000044], [10.738129102000073, 55.50934479400007], [10.709239129000082, 55.527044989000046], [10.704112175000091, 55.55027903900003], [10.627614780000044, 55.61359284100007], [10.608571811000047, 55.612982489000046], [10.61459394600007, 55.56460195500006], [10.594248894000089, 55.57827383000006], [10.613780144000089, 55.52789948100008], [10.601084832000083, 55.516791083000044], [10.569834832000083, 55.532416083000044], [10.566905144000089, 55.52362702000005], [10.602305535000085, 55.50625234600005], [10.60914147200009, 55.49258047100005], [10.491221550000091, 55.465277411000045], [10.471527540000068, 55.443060614000046], [10.436045769000089, 55.44212474200003], [10.41960696700005, 55.45880768400008], [10.457041863000086, 55.489447333000044], [10.48601321700005, 55.49477773600006], [10.489105665000068, 55.509100653000075], [10.470713738000086, 55.52020905200004], [10.475271030000044, 55.53196849200003], [10.518809441000087, 55.53343333500004], [10.444183790000068, 55.553168036000045], [10.407399936000047, 55.58295319200005], [10.307627800000091, 55.61823151200008], [10.293793165000068, 55.616115627000056], [10.293630405000044, 55.58808014500005], [10.279551629000082, 55.58510976800005], [10.272146030000044, 55.605536200000074], [10.237315300000091, 55.605536200000074], [10.168630405000044, 55.58226146000004], [10.039317254000082, 55.55776601800005], [9.940277540000068, 55.519232489000046], [9.888194207000083, 55.508693752000056], [9.840098504000082, 55.52362702000005], [9.827403191000087, 55.54840729400007], [9.755137566000087, 55.544134833000044], [9.676280144000089, 55.49567291900007], [9.713389519000089, 55.49103424700007], [9.81218509200005, 55.441066799000055], [9.786306186000047, 55.437201239000046], [9.703461134000065, 55.468410549000055], [9.737315300000091, 55.43817780200004], [9.791026238000086, 55.43183014500005], [9.819590691000087, 55.413763739000046], [9.785492384000065, 55.413763739000046], [9.840098504000082, 55.400091864000046], [9.830088738000086, 55.38890208500004], [9.778086785000085, 55.38027578300006], [9.80241946700005, 55.36237213700008], [9.82984459700009, 55.35228099200003], [9.884776238000086, 55.348863023000035], [9.881683790000068, 55.314439195000034], [9.895355665000068, 55.28025950700004], [9.883962436000047, 55.25348541900007], [9.911387566000087, 55.228501695000034], [9.979502800000091, 55.21283600500004], [9.97201582100007, 55.18471914300005], [9.988780144000089, 55.15184153900003], [9.985524936000047, 55.12775299700007], [10.025645379000082, 55.12571849200003], [10.029144727000073, 55.14240143400008], [9.994476759000065, 55.17279694200005], [9.99154707100007, 55.18842194200005], [10.00359134200005, 55.197333075000074], [10.039317254000082, 55.180975653000075], [10.094004754000082, 55.18842194200005], [10.11296634200005, 55.18378327000005], [10.15601647200009, 55.14008209800005], [10.142588738000086, 55.12579987200007], [10.065928582000083, 55.092230536000045], [10.083506707000083, 55.08698151200008], [10.141774936000047, 55.092230536000045], [10.19703209700009, 55.06427643400008], [10.197601759000065, 55.08608633000006], [10.205251498000052, 55.09369538000004], [10.234222852000073, 55.092230536000045], [10.312754754000082, 55.063666083000044], [10.362559441000087, 55.06273021000004], [10.388845248000052, 55.05068594000005], [10.477549675000091, 55.043850002000056], [10.538259311000047, 55.029730536000045], [10.604746941000087, 55.062567450000074], [10.666270379000082, 55.06427643400008]]}}, {"type": "Feature", "properties": {}, "geometry": {"type": "LineString", "coordinates": [[12.615733269000089, 55.68813711100006], [12.608409050000091, 55.70111725500004], [12.567393425000091, 55.653998114000046], [12.520192905000044, 55.619208075000074], [12.520518425000091, 55.59674713700008], [12.53484134200005, 55.56932200700004], [12.55632571700005, 55.550482489000046], [12.639414910000085, 55.57827383000006], [12.674571160000085, 55.601263739000046], [12.615733269000089, 55.68813711100006]]}}, {"type": "Feature", "properties": {}, "geometry": {"type": "LineString", "coordinates": [[10.559418165000068, 55.86627838700008], [10.51726321700005, 55.84552643400008], [10.511566602000073, 55.82526276200008], [10.520274285000085, 55.78856028900003], [10.547129754000082, 55.76520416900007], [10.582204623000052, 55.759751695000034], [10.61459394600007, 55.77684153900003], [10.62435957100007, 55.79433828300006], [10.62826582100007, 55.845770575000074], [10.66928144600007, 55.88003164300005], [10.666270379000082, 55.886704820000034], [10.638682488000086, 55.866115627000056], [10.621429884000065, 55.87986888200004], [10.615407748000052, 55.90033600500004], [10.62826582100007, 55.92084381700005], [10.580251498000052, 55.93650950700004], [10.56421959700009, 55.95384349200003], [10.556813998000052, 55.995794989000046], [10.543955925000091, 55.99799225500004], [10.518565300000091, 55.97614166900007], [10.51539147200009, 55.951239325000074], [10.566905144000089, 55.92829010600008], [10.580251498000052, 55.91152578300006], [10.581065300000091, 55.894517320000034], [10.559418165000068, 55.86627838700008]]}}, {"type": "Feature", "properties": {}, "geometry": {"type": "LineString", "coordinates": [[12.04037519600007, 54.893011786000045], [11.98218834700009, 54.92031484600005], [11.957855665000068, 54.94818756700005], [11.923675977000073, 54.94082265800006], [11.931162957000083, 54.927720445000034], [11.918467644000089, 54.921942450000074], [11.890147332000083, 54.92963288000004], [11.882823113000086, 54.94082265800006], [11.901540561000047, 54.97638580900008], [11.897146030000044, 54.995428778000075], [11.916840040000068, 55.00287506700005], [11.910166863000086, 55.00971100500004], [11.943858269000089, 55.00608958500004], [11.998057488000086, 54.97650788000004], [12.03296959700009, 54.968085028000075], [12.148936394000089, 54.994126695000034], [12.162282748000052, 55.00438060100004], [12.163340691000087, 55.02338288000004], [12.11850019600007, 55.073553778000075], [12.165049675000091, 55.09129466400003], [12.177012566000087, 55.10529205900008], [12.168630405000044, 55.12848541900007], [12.04664147200009, 55.14008209800005], [12.012461785000085, 55.157131252000056], [12.014659050000091, 55.16746653900003], [12.05640709700009, 55.18569570500006], [12.076670769000089, 55.18195221600007], [12.088145379000082, 55.16836172100005], [12.080739780000044, 55.14687734600005], [12.09896894600007, 55.14142487200007], [12.11500084700009, 55.15371328300006], [12.10906009200005, 55.17072174700007], [12.121104363000086, 55.191066799000055], [12.182790561000047, 55.22719961100006], [12.392425977000073, 55.25531647300005], [12.465017123000052, 55.290269273000035], [12.434743686000047, 55.36367422100005], [12.36882571700005, 55.400091864000046], [12.273448113000086, 55.410223700000074], [12.224864129000082, 55.434881903000075], [12.198090040000068, 55.487494208000044], [12.248220248000052, 55.546128648000035], [12.331309441000087, 55.595404364000046], [12.403575066000087, 55.619208075000074], [12.465017123000052, 55.605536200000074], [12.487152540000068, 55.60984935100004], [12.50326582100007, 55.634019273000035], [12.541026238000086, 55.648871161000045], [12.602224155000044, 55.70856354400007], [12.587901238000086, 55.72907135600008], [12.602224155000044, 55.79734935100004], [12.576019727000073, 55.82916901200008], [12.55445397200009, 55.882879950000074], [12.512705925000091, 55.92084381700005], [12.512705925000091, 55.92829010600008], [12.567393425000091, 55.99656810100004], [12.621918165000068, 56.04376862200007], [12.48609459700009, 56.09902578300006], [12.414886915000068, 56.09902578300006], [12.328461134000065, 56.12689850500004], [12.245127800000091, 56.12872955900008], [12.16537519600007, 56.10370514500005], [12.012461785000085, 56.03070709800005], [11.865570509000065, 55.972723700000074], [11.848643425000091, 55.94818756700005], [11.865489129000082, 55.93935781500005], [11.992442254000082, 55.960598049000055], [12.026133660000085, 55.94135163000004], [12.049815300000091, 55.888006903000075], [12.053477410000085, 55.838324286000045], [12.09506269600007, 55.72907135600008], [12.092051629000082, 55.706732489000046], [12.06031334700009, 55.653998114000046], [12.01140384200005, 55.66901276200008], [12.009287957000083, 55.68048737200007], [12.04037519600007, 55.67446523600006], [12.031911655000044, 55.687201239000046], [12.001149936000047, 55.69867584800005], [11.985199415000068, 55.69489166900007], [11.98218834700009, 55.678900458000044], [11.959157748000052, 55.66510651200008], [11.910166863000086, 55.660142320000034], [11.958181186000047, 55.693426825000074], [11.972666863000086, 55.72142161700003], [12.026133660000085, 55.71539948100008], [12.051931186000047, 55.73663971600007], [12.049001498000052, 55.77533600500004], [12.031260613000086, 55.81659577000005], [11.992035352000073, 55.87372467700004], [11.998220248000052, 55.90281810100004], [11.934743686000047, 55.933661200000074], [11.916840040000068, 55.93451569200005], [11.90951582100007, 55.91547272300005], [11.953623894000089, 55.853501695000034], [11.937347852000073, 55.82526276200008], [11.869151238000086, 55.804754950000074], [11.841807488000086, 55.75641510600008], [11.855479363000086, 55.73281484600005], [11.810557488000086, 55.67910390800006], [11.779795769000089, 55.660142320000034], [11.794444207000083, 55.687933661000045], [11.787282748000052, 55.70111725500004], [11.746348504000082, 55.73102448100008], [11.684336785000085, 55.72162506700005], [11.657237175000091, 55.73086172100005], [11.682302280000044, 55.74127838700008], [11.762705925000091, 55.74949778900003], [11.738780144000089, 55.79734935100004], [11.72038821700005, 55.79865143400008], [11.67359459700009, 55.78302643400008], [11.607758009000065, 55.78302643400008], [11.607758009000065, 55.79047272300005], [11.626231316000087, 55.79059479400007], [11.656260613000086, 55.810980536000045], [11.717621290000068, 55.810980536000045], [11.731618686000047, 55.83071523600006], [11.663096550000091, 55.90717194200005], [11.685801629000082, 55.91986725500004], [11.717621290000068, 55.92084381700005], [11.711436394000089, 55.90717194200005], [11.743988477000073, 55.90375397300005], [11.750498894000089, 55.91038646000004], [11.738780144000089, 55.92084381700005], [11.779795769000089, 55.96185944200005], [11.768321160000085, 55.97052643400008], [11.640879754000082, 55.943426825000074], [11.59937584700009, 55.94208405200004], [11.581065300000091, 55.95184967700004], [11.426931186000047, 55.96552155200004], [11.400563998000052, 55.96198151200008], [11.272634311000047, 55.99656810100004], [11.281911655000044, 55.978949286000045], [11.304535352000073, 55.96784088700008], [11.477386915000068, 55.94135163000004], [11.510508660000085, 55.908270575000074], [11.50521894600007, 55.86871979400007], [11.477549675000091, 55.84153880400004], [11.443369988000086, 55.845770575000074], [11.398448113000086, 55.82640208500004], [11.348399285000085, 55.838324286000045], [11.375661655000044, 55.807928778000075], [11.364024285000085, 55.76512278900003], [11.352224155000044, 55.75580475500004], [11.252207879000082, 55.72907135600008], [11.190114780000044, 55.73651764500005], [11.176442905000044, 55.72907135600008], [11.218028191000087, 55.70856354400007], [11.192637566000087, 55.70034414300005], [11.16342207100007, 55.70538971600007], [11.121836785000085, 55.73651764500005], [11.162771030000044, 55.74274323100008], [11.162771030000044, 55.74949778900003], [11.033050977000073, 55.72907135600008], [10.875498894000089, 55.74274323100008], [10.875498894000089, 55.73651764500005], [10.891449415000068, 55.73126862200007], [10.960215691000087, 55.72435130400004], [10.984629754000082, 55.70111725500004], [11.071055535000085, 55.676947333000044], [11.087738477000073, 55.660142320000034], [10.929942254000082, 55.667629299000055], [10.929942254000082, 55.660142320000034], [11.039235873000052, 55.643459377000056], [11.087901238000086, 55.626939195000034], [11.132090691000087, 55.59528229400007], [11.145681186000047, 55.57611725500004], [11.148448113000086, 55.55731842700004], [11.137950066000087, 55.54291413000004], [11.088552280000044, 55.53384023600006], [11.080902540000068, 55.51308828300006], [11.085785352000073, 55.50755442900004], [11.135590040000068, 55.51512278900003], [11.163910352000073, 55.50189850500004], [11.196462436000047, 55.45384349200003], [11.20484459700009, 55.431341864000046], [11.20093834700009, 55.421210028000075], [11.213145379000082, 55.41575755400004], [11.21420332100007, 55.40379466400003], [11.204356316000087, 55.391831773000035], [11.159190300000091, 55.381293036000045], [11.128916863000086, 55.36517975500004], [11.087738477000073, 55.36595286700003], [11.087738477000073, 55.35854726800005], [11.108164910000085, 55.33185455900008], [11.123545769000089, 55.33185455900008], [11.14234459700009, 55.35228099200003], [11.190114780000044, 55.34544505400004], [11.188243035000085, 55.335272528000075], [11.152842644000089, 55.32843659100007], [11.24154707100007, 55.278509833000044], [11.24195397200009, 55.24868398600006], [11.286306186000047, 55.25608958500004], [11.267832879000082, 55.23590729400007], [11.238536004000082, 55.24241771000004], [11.245371941000087, 55.21478913000004], [11.260996941000087, 55.20058828300006], [11.320485873000052, 55.194647528000075], [11.299978061000047, 55.20148346600007], [11.299978061000047, 55.208319403000075], [11.36890709700009, 55.208319403000075], [11.42318769600007, 55.221909898000035], [11.492360873000052, 55.20416901200008], [11.506032748000052, 55.208319403000075], [11.649424675000091, 55.180975653000075], [11.69507897200009, 55.20807526200008], [11.717621290000068, 55.208319403000075], [11.733083530000044, 55.20014069200005], [11.734711134000065, 55.188666083000044], [11.711436394000089, 55.16791413000004], [11.728526238000086, 55.15477122600004], [11.785411004000082, 55.15721263200004], [11.806976759000065, 55.14687734600005], [11.803965691000087, 55.134833075000074], [11.717621290000068, 55.12571849200003], [11.743418816000087, 55.10053131700005], [11.805349155000044, 55.073879299000055], [11.82748457100007, 55.05068594000005], [11.615896030000044, 55.092230536000045], [11.665537957000083, 55.066392320000034], [11.728770379000082, 55.06427643400008], [11.75562584700009, 55.05068594000005], [11.841807488000086, 55.03021881700005], [11.882823113000086, 54.981756903000075], [11.862478061000047, 54.96369049700007], [11.848317905000044, 54.95913320500006], [11.83757571700005, 54.966131903000075], [11.803965691000087, 54.94818756700005], [11.759287957000083, 54.968085028000075], [11.711436394000089, 54.94818756700005], [11.711436394000089, 54.94082265800006], [11.742035352000073, 54.925441799000055], [11.74968509200005, 54.873114325000074], [11.793467644000089, 54.84454987200007], [11.809092644000089, 54.80491771000004], [11.882823113000086, 54.75641510600008], [11.872325066000087, 54.739935614000046], [11.875824415000068, 54.729722398000035], [11.910166863000086, 54.72166575700004], [11.870616082000083, 54.68036530200004], [11.869151238000086, 54.65961334800005], [11.923675977000073, 54.59813060100004], [11.928233269000089, 54.583970445000034], [11.949066602000073, 54.56858958500004], [11.969004754000082, 54.56976959800005], [11.96070397200009, 54.69407786700003], [12.022715691000087, 54.73529694200005], [12.067149285000085, 54.786810614000046], [12.170176629000082, 54.838324286000045], [12.096446160000085, 54.898098049000055], [12.04037519600007, 54.893011786000045]]}}, {"type": "Feature", "properties": {}, "geometry": {"type": "LineString", "coordinates": [[11.512217644000089, 56.69546133000006], [11.543711785000085, 56.67865631700005], [11.581065300000091, 56.68121979400007], [11.618011915000068, 56.71133047100005], [11.649424675000091, 56.72215403900003], [11.649424675000091, 56.72964101800005], [11.52084394600007, 56.71539948100008], [11.50953209700009, 56.710150458000044], [11.512217644000089, 56.69546133000006]]}}, {"type": "Feature", "properties": {}, "geometry": {"type": "LineString", "coordinates": [[8.82585696700005, 56.743841864000046], [8.867442254000082, 56.791083075000074], [8.85328209700009, 56.79783763200004], [8.881114129000082, 56.80536530200004], [8.85515384200005, 56.81976959800005], [8.836436394000089, 56.86928945500006], [8.83961022200009, 56.87982819200005], [8.867442254000082, 56.89411041900007], [8.882660352000073, 56.886379299000055], [8.887950066000087, 56.866848049000055], [8.900401238000086, 56.87482330900008], [8.922699415000068, 56.92202383000006], [8.908457879000082, 56.94871653900003], [8.928884311000047, 56.976629950000074], [8.916270379000082, 56.97907135600008], [8.89039147200009, 56.95482005400004], [8.867442254000082, 56.962958075000074], [8.813649936000047, 56.91034577000005], [8.791758660000085, 56.91453685100004], [8.651621941000087, 56.894191799000055], [8.655121290000068, 56.866848049000055], [8.621104363000086, 56.832017320000034], [8.668793165000068, 56.825832424000055], [8.643809441000087, 56.80805084800005], [8.573008660000085, 56.80255768400008], [8.545258009000065, 56.791083075000074], [8.553233269000089, 56.76813385600008], [8.52279707100007, 56.755072333000044], [8.514659050000091, 56.73822663000004], [8.555918816000087, 56.743841864000046], [8.586273634000065, 56.73647695500006], [8.658376498000052, 56.67812734600005], [8.766123894000089, 56.69871653900003], [8.77125084700009, 56.71596914300005], [8.82585696700005, 56.743841864000046]]}}, {"type": "Feature", "properties": {}, "geometry": {"type": "LineString", "coordinates": [[11.14234459700009, 57.33234284100007], [11.101927424000053, 57.320416925000075], [11.027723181000056, 57.32069050900009], [11.010083612000074, 57.30987331100005], [10.94660123500006, 57.30464328700003], [10.888424550000082, 57.274864843000046], [10.854991082000083, 57.27090078300006], [10.854991082000083, 57.26463450700004], [10.888799328000061, 57.24534416100005], [10.95181488500009, 57.23372967700004], [10.977961920000041, 57.206732946000045], [10.997904579000078, 57.19790995300008], [11.028835411000045, 57.201914301000045], [11.09110071300006, 57.25278405700004], [11.094164612000043, 57.26899601900004], [11.066579623000052, 57.29132721600007], [11.143231237000066, 57.30135121400008], [11.189113397000085, 57.29428264200004], [11.196501696000041, 57.30282119300006], [11.197276238000086, 57.313381252000056], [11.181488477000073, 57.33030833500004], [11.14234459700009, 57.33234284100007]]}}, {"type": "Feature", "properties": {}, "geometry": {"type": "LineString", "coordinates": [[17.124522332000083, 57.31928131700005], [17.10401451900009, 57.352769273000035], [17.081879102000073, 57.34137604400007], [17.065277540000068, 57.35773346600007], [17.054860873000052, 57.35822174700007], [17.01921634200005, 57.34454987200007], [16.96648196700005, 57.30459219000005], [16.959239129000082, 57.23069896000004], [16.94044030000009, 57.21283600500004], [16.90992272200009, 57.20221588700008], [16.88835696700005, 57.11823151200008], [16.793630405000044, 57.00385163000004], [16.748301629000082, 56.94188060100004], [16.731293165000068, 56.903998114000046], [16.716807488000086, 56.891831773000035], [16.637868686000047, 56.882473049000055], [16.62086022200009, 56.872259833000044], [16.45281009200005, 56.63751862200007], [16.442556186000047, 56.608710028000075], [16.419444207000083, 56.585638739000046], [16.39893639400009, 56.54466380400004], [16.391449415000068, 56.458685614000046], [16.414073113000086, 56.402777411000045], [16.405772332000083, 56.38703034100007], [16.40723717500009, 56.319973049000055], [16.39893639400009, 56.29824453300006], [16.41260826900009, 56.27094147300005], [16.41260826900009, 56.22931549700007], [16.428477410000085, 56.217962958000044], [16.45020592500009, 56.21865469000005], [16.490896030000044, 56.239569403000075], [16.541188998000052, 56.30613841400003], [16.566416863000086, 56.346136786000045], [16.57585696700005, 56.40574778900003], [16.61963951900009, 56.47532786700003], [16.624847852000073, 56.50364817900004], [16.63843834700009, 56.52415599200003], [16.631521030000044, 56.53221263200004], [16.636973504000082, 56.55971914300005], [16.682790561000047, 56.59349192900004], [16.698496941000087, 56.64520905200004], [16.756521030000044, 56.74746328300006], [16.768728061000047, 56.79677969000005], [16.781586134000065, 56.810614325000074], [16.830332879000082, 56.825832424000055], [16.841807488000086, 56.84406159100007], [16.858164910000085, 56.89679596600007], [16.883067254000082, 56.91624583500004], [16.88453209700009, 56.935614325000074], [16.871267123000052, 56.969183661000045], [16.933929884000065, 57.017564195000034], [16.912852410000085, 57.023504950000074], [16.898610873000052, 57.03807200700004], [16.96062259200005, 57.06321849200003], [16.973480665000068, 57.10419342700004], [17.01531009200005, 57.14793528900003], [17.028168165000068, 57.18146393400008], [17.049489780000044, 57.18829987200007], [17.066254102000073, 57.22671133000006], [17.064463738000086, 57.241888739000046], [17.04200280000009, 57.27090078300006], [17.07553144600007, 57.305121161000045], [17.09701582100007, 57.31736888200004], [17.124522332000083, 57.31928131700005]]}}, {"type": "Feature", "properties": {}, "geometry": {"type": "LineString", "coordinates": [[19.040212436000047, 57.86790599200003], [19.014008009000065, 57.881293036000045], [19.002126498000052, 57.90208567900004], [19.00953209700009, 57.908270575000074], [18.99577884200005, 57.91205475500004], [18.956553582000083, 57.90778229400007], [18.941254102000073, 57.90208567900004], [18.941579623000052, 57.88882070500006], [18.917246941000087, 57.88812897300005], [18.897959832000083, 57.897650458000044], [18.913340691000087, 57.92133209800005], [18.85132897200009, 57.91510651200008], [18.837412957000083, 57.912176825000074], [18.851898634000065, 57.89126211100006], [18.844086134000065, 57.87360260600008], [18.810720248000052, 57.851223049000055], [18.803477410000085, 57.82575104400007], [18.76465905000009, 57.86517975500004], [18.76929772200009, 57.88784414300005], [18.742442254000082, 57.91791413000004], [18.723806186000047, 57.92300039300005], [18.677744988000086, 57.91388580900008], [18.640798373000052, 57.88617584800005], [18.608653191000087, 57.83633047100005], [18.594899936000047, 57.831366278000075], [18.55014082100007, 57.83942291900007], [18.49935957100007, 57.82656484600005], [18.463063998000052, 57.803168036000045], [18.325043165000068, 57.67259349200003], [18.16146894600007, 57.57794830900008], [18.128184441000087, 57.548163153000075], [18.111989780000044, 57.511053778000075], [18.113454623000052, 57.487982489000046], [18.145355665000068, 57.42617422100005], [18.14616946700005, 57.40802643400008], [18.179209832000083, 57.37954336100006], [18.166026238000086, 57.36709219000005], [18.171153191000087, 57.35211823100008], [18.165863477000073, 57.33161041900007], [18.153086785000085, 57.31342194200005], [18.115570509000065, 57.29702383000006], [18.101084832000083, 57.27802155200004], [18.09937584700009, 57.258978583000044], [18.15984134200005, 57.229803778000075], [18.18531334700009, 57.14484284100007], [18.228037957000083, 57.133693752000056], [18.214366082000083, 57.11383698100008], [18.227305535000085, 57.107489325000074], [18.22510826900009, 57.094916083000044], [18.20085696700005, 57.06537506700005], [18.223317905000044, 57.06028880400004], [18.290212436000047, 57.09271881700005], [18.265635613000086, 57.04148997600004], [18.20085696700005, 57.017564195000034], [18.203868035000085, 56.98627350500004], [18.138682488000086, 56.92202383000006], [18.16968834700009, 56.91201406500005], [18.203949415000068, 56.91518789300005], [18.31153405000009, 56.94806549700007], [18.321462436000047, 56.96906159100007], [18.35840905000009, 56.98969147300005], [18.34473717500009, 57.003973700000074], [18.40007571700005, 57.003973700000074], [18.36426842500009, 57.011419989000046], [18.337901238000086, 57.031236070000034], [18.34473717500009, 57.08274974200003], [18.35987389400009, 57.096136786000045], [18.454600457000083, 57.12742747600004], [18.38575280000009, 57.12742747600004], [18.406423373000052, 57.143011786000045], [18.578135613000086, 57.195746161000045], [18.578135613000086, 57.20197174700007], [18.564463738000086, 57.20197174700007], [18.564463738000086, 57.209418036000045], [18.59148196700005, 57.21869538000004], [18.680511915000068, 57.22992584800005], [18.714121941000087, 57.24290599200003], [18.710948113000086, 57.274318752000056], [18.673675977000073, 57.27765534100007], [18.666758660000085, 57.29677969000005], [18.680430535000085, 57.31049225500004], [18.801524285000085, 57.376206773000035], [18.84115644600007, 57.382879950000074], [18.858164910000085, 57.39435455900008], [18.879161004000082, 57.387600002000056], [18.92628014400009, 57.392645575000074], [18.926117384000065, 57.41819896000004], [18.908864780000044, 57.439154364000046], [18.879730665000068, 57.449204820000034], [18.86890709700009, 57.43528880400004], [18.789805535000085, 57.44896067900004], [18.803477410000085, 57.46942780200004], [18.77320397200009, 57.47223541900007], [18.768809441000087, 57.48183828300006], [18.776133660000085, 57.49746328300006], [18.76140384200005, 57.50763580900008], [18.789805535000085, 57.54828522300005], [18.79468834700009, 57.57807038000004], [18.81031334700009, 57.60732656500005], [18.762461785000085, 57.617173570000034], [18.76465905000009, 57.62689850500004], [18.81031334700009, 57.70966217700004], [18.80713951900009, 57.734442450000074], [18.82081139400009, 57.73700592700004], [18.865244988000086, 57.72333405200004], [18.941254102000073, 57.72955963700008], [18.93213951900009, 57.75226471600007], [18.948741082000083, 57.78266022300005], [18.981618686000047, 57.77049388200004], [18.986582879000082, 57.80744049700007], [19.01498457100007, 57.82200755400004], [19.085215691000087, 57.82575104400007], [19.040212436000047, 57.86790599200003]]}}, {"type": "Feature", "properties": {}, "geometry": {"type": "LineString", "coordinates": [[19.272959832000083, 57.976548570000034], [19.226735873000052, 57.97370026200008], [19.22242272200009, 57.990220445000034], [19.098317905000044, 57.976548570000034], [19.03956139400009, 57.91697825700004], [19.03679446700005, 57.90521881700005], [19.08448326900009, 57.859361070000034], [19.129649285000085, 57.846869208000044], [19.160329623000052, 57.88031647300005], [19.16065514400009, 57.89606354400007], [19.139903191000087, 57.908270575000074], [19.161957227000073, 57.92597077000005], [19.247894727000073, 57.952460028000075], [19.296071811000047, 57.94367096600007], [19.310557488000086, 57.956732489000046], [19.338552280000044, 57.96356842700004], [19.30567467500009, 57.97638580900008], [19.272959832000083, 57.976548570000034]]}}, {"type": "Feature", "properties": {}, "geometry": {"type": "LineString", "coordinates": [[11.738780144000089, 58.05853913000004], [11.71656334700009, 58.064520575000074], [11.659678582000083, 58.04547760600008], [11.52475019600007, 58.05072663000004], [11.505869988000086, 58.04604726800005], [11.497894727000073, 58.02806224200003], [11.50562584700009, 58.013006903000075], [11.567556186000047, 58.003892320000034], [11.515635613000086, 58.00079987200007], [11.512461785000085, 57.992621161000045], [11.527842644000089, 57.954291083000044], [11.594737175000091, 57.935614325000074], [11.61890709700009, 57.95425039300005], [11.650645379000082, 57.95538971600007], [11.67937259200005, 58.00625234600005], [11.69507897200009, 58.01508209800005], [11.711436394000089, 58.011379299000055], [11.710215691000087, 57.99290599200003], [11.731944207000083, 57.997707424000055], [11.745616082000083, 58.03119538000004], [11.738780144000089, 58.05853913000004]]}}, {"type": "Feature", "properties": {}, "geometry": {"type": "LineString", "coordinates": [[11.806976759000065, 58.23041413000004], [11.789398634000065, 58.24640534100007], [11.749847852000073, 58.262884833000044], [11.738780144000089, 58.28510163000004], [11.686371290000068, 58.29120514500005], [11.669932488000086, 58.28510163000004], [11.67741946700005, 58.27138906500005], [11.660004102000073, 58.25812409100007], [11.663096550000091, 58.23725006700005], [11.601573113000086, 58.23725006700005], [11.527842644000089, 58.21279531500005], [11.428965691000087, 58.16095612200007], [11.408864780000044, 58.145697333000044], [11.406586134000065, 58.13108958500004], [11.447438998000052, 58.10346100500004], [11.457692905000044, 58.07217031500005], [11.463877800000091, 58.07217031500005], [11.463877800000091, 58.10687897300005], [11.516286655000044, 58.086004950000074], [11.533946160000085, 58.10687897300005], [11.58529707100007, 58.123114325000074], [11.612315300000091, 58.11859772300005], [11.628916863000086, 58.10008372600004], [11.654633009000065, 58.10797760600008], [11.708181186000047, 58.09821198100008], [11.756683790000068, 58.11831289300005], [11.804698113000086, 58.12571849200003], [11.81381269600007, 58.14447663000004], [11.815277540000068, 58.18927643400008], [11.806976759000065, 58.23041413000004]]}}, {"type": "Feature", "properties": {}, "geometry": {"type": "LineString", "coordinates": [[19.33171634200005, 58.367621161000045], [19.22242272200009, 58.394964911000045], [19.187754754000082, 58.394964911000045], [19.214121941000087, 58.354681708000044], [19.250336134000065, 58.34284088700008], [19.33171634200005, 58.367621161000045]]}}, {"type": "Feature", "properties": {}, "geometry": {"type": "LineString", "coordinates": [[18.430430535000085, 59.25828685100004], [18.468272332000083, 59.25210195500006], [18.520355665000068, 59.22866445500006], [18.551605665000068, 59.225897528000075], [18.578135613000086, 59.24461497600004], [18.532399936000047, 59.241888739000046], [18.51726321700005, 59.24900950700004], [18.51612389400009, 59.27130768400008], [18.539073113000086, 59.25995514500005], [18.61231530000009, 59.25828685100004], [18.523448113000086, 59.28864166900007], [18.461680535000085, 59.29824453300006], [18.34473717500009, 59.299261786000045], [18.41309655000009, 59.27875397300005], [18.430430535000085, 59.25828685100004]]}}, {"type": "Feature", "properties": {}, "geometry": {"type": "LineString", "coordinates": [[5.276866082000083, 59.299261786000045], [5.2864689460000704, 59.320379950000074], [5.280284050000091, 59.33026764500005], [5.253916863000086, 59.34796784100007], [5.208506707000083, 59.41596100500004], [5.185883009000065, 59.41474030200004], [5.180023634000065, 59.40058014500005], [5.188487175000091, 59.383978583000044], [5.208506707000083, 59.37494538000004], [5.1744897800000444, 59.349269924000055], [5.173838738000086, 59.334051825000074], [5.22828209700009, 59.285589911000045], [5.178721550000091, 59.292222398000035], [5.165278478000062, 59.27342763000007], [5.173124861000076, 59.268710430000056], [5.166168649000042, 59.19568241400003], [5.188430242000038, 59.15724584600008], [5.208550995000053, 59.14288559800008], [5.235929479000049, 59.14105820900005], [5.297090544000071, 59.168884398000046], [5.302363396000089, 59.20549853600005], [5.3173827070000925, 59.22885302800006], [5.317929266000078, 59.256539763000035], [5.314098375000071, 59.27359874600006], [5.276866082000083, 59.299261786000045]]}}, {"type": "Feature", "properties": {}, "geometry": {"type": "LineString", "coordinates": [[5.3071395190000885, 59.75861237200007], [5.293223504000082, 59.76447174700007], [5.259776238000086, 59.80267975500004], [5.2272241550000444, 59.80731842700004], [5.220225457000083, 59.826605536000045], [5.168304884000065, 59.85000234600005], [5.15398196700005, 59.874660549000055], [5.1048283210000704, 59.868475653000075], [5.146494988000086, 59.827460028000075], [5.128428582000083, 59.83161041900007], [5.118418816000087, 59.820013739000046], [5.098643425000091, 59.827460028000075], [5.09742272200009, 59.80931224200003], [5.070648634000065, 59.78278229400007], [5.076182488000086, 59.76630280200004], [5.08952884200005, 59.76227448100008], [5.118418816000087, 59.77903880400004], [5.124847852000073, 59.76186758000006], [5.1879988940000885, 59.75861237200007], [5.1313582690000885, 59.71198151200008], [5.116709832000083, 59.68569570500006], [5.115407748000052, 59.636053778000075], [5.1528426440000885, 59.59162018400008], [5.1770939460000704, 59.59747955900008], [5.2016707690000885, 59.614569403000075], [5.194183790000068, 59.62140534100007], [5.201508009000065, 59.63312409100007], [5.1879988940000885, 59.655503648000035], [5.208506707000083, 59.682847398000035], [5.160166863000086, 59.65521881700005], [5.15398196700005, 59.66982656500005], [5.194183790000068, 59.71385325700004], [5.194183790000068, 59.74494049700007], [5.225596550000091, 59.755194403000075], [5.260590040000068, 59.73387278900003], [5.273448113000086, 59.73501211100006], [5.2700301440000885, 59.75177643400008], [5.289317254000082, 59.74982330900008], [5.31031334700009, 59.70331452000005], [5.2700301440000885, 59.68968333500004], [5.2700301440000885, 59.682847398000035], [5.29078209700009, 59.68353913000004], [5.344981316000087, 59.710150458000044], [5.3071395190000885, 59.75861237200007]]}}, {"type": "Feature", "properties": {}, "geometry": {"type": "LineString", "coordinates": [[5.489105665000068, 59.861029364000046], [5.4206649100000845, 59.938381252000056], [5.388194207000083, 59.95774974200003], [5.344981316000087, 59.964056708000044], [5.326182488000086, 59.97650788000004], [5.3040470710000704, 59.97768789300005], [5.28288821700005, 59.96662018400008], [5.275401238000086, 59.95966217700004], [5.2975366550000444, 59.95099518400008], [5.250173373000052, 59.909409898000035], [5.261973504000082, 59.89508698100008], [5.2563582690000885, 59.874660549000055], [5.28484134200005, 59.84821198100008], [5.314300977000073, 59.78945547100005], [5.3523055350000845, 59.77765534100007], [5.377940300000091, 59.79291413000004], [5.401866082000083, 59.78729889500005], [5.406504754000082, 59.77903880400004], [5.399587436000047, 59.77122630400004], [5.3581649100000845, 59.77220286700003], [5.363291863000086, 59.76406484600005], [5.389659050000091, 59.75861237200007], [5.421885613000086, 59.758978583000044], [5.481700066000087, 59.78790924700007], [5.49781334700009, 59.80341217700004], [5.489105665000068, 59.861029364000046]]}}, {"type": "Feature", "properties": {}, "geometry": {"type": "LineString", "coordinates": [[5.619151238000086, 60.073919989000046], [5.594574415000068, 60.05996328300006], [5.57789147200009, 60.066473700000074], [5.512950066000087, 60.060248114000046], [5.48414147200009, 60.04637278900003], [5.4616805350000845, 60.052801825000074], [5.439707879000082, 60.032416083000044], [5.4536238940000885, 60.00958893400008], [5.449392123000052, 60.00503164300005], [5.375254754000082, 60.00250885600008], [5.3618270190000885, 59.995347398000035], [5.3724064460000704, 59.97768789300005], [5.410166863000086, 59.95766836100006], [5.454274936000047, 59.95099518400008], [5.476817254000082, 59.962958075000074], [5.489105665000068, 59.91559479400007], [5.508067254000082, 59.89911530200004], [5.571543816000087, 59.923041083000044], [5.6224064460000704, 59.91120026200008], [5.639903191000087, 59.91559479400007], [5.6061304050000444, 59.950506903000075], [5.60523522200009, 59.962225653000075], [5.6528426440000885, 60.00092194200005], [5.660411004000082, 60.016913153000075], [5.660411004000082, 60.066473700000074], [5.6567488940000885, 60.07884349200003], [5.619151238000086, 60.073919989000046]]}}, {"type": "Feature", "properties": {}, "geometry": {"type": "LineString", "coordinates": [[22.408376498000052, 60.052801825000074], [22.38721764400009, 60.051662502000056], [22.382660352000073, 60.07453034100007], [22.370616082000083, 60.08075592700004], [22.35482832100007, 60.07562897300005], [22.348887566000087, 60.06321849200003], [22.35320071700005, 60.03229401200008], [22.382823113000086, 59.99258047100005], [22.40951582100007, 60.00934479400007], [22.442637566000087, 59.99750397300005], [22.449473504000082, 60.066473700000074], [22.430430535000085, 60.08185455900008], [22.41179446700005, 60.085191148000035], [22.401866082000083, 60.07575104400007], [22.408376498000052, 60.052801825000074]]}}, {"type": "Feature", "properties": {}, "geometry": {"type": "LineString", "coordinates": [[20.277598504000082, 60.14215729400007], [20.255707227000073, 60.145412502000056], [20.263926629000082, 60.11823151200008], [20.258067254000082, 60.10797760600008], [20.22242272200009, 60.149603583000044], [20.19825280000009, 60.10407135600008], [20.201914910000085, 60.087551174000055], [20.266286655000044, 60.06049225500004], [20.277598504000082, 60.066473700000074], [20.26889082100007, 60.086004950000074], [20.297618035000085, 60.121527411000045], [20.277598504000082, 60.14215729400007]]}}, {"type": "Feature", "properties": {}, "geometry": {"type": "LineString", "coordinates": [[21.49659264400009, 60.13532135600008], [21.533050977000073, 60.13703034100007], [21.549001498000052, 60.13344961100006], [21.558116082000083, 60.12164948100008], [21.482269727000073, 60.11481354400007], [21.514414910000085, 60.097357489000046], [21.57203209700009, 60.10736725500004], [21.613129102000073, 60.10211823100008], [21.636973504000082, 60.12368398600006], [21.613291863000086, 60.12909577000005], [21.64747155000009, 60.14508698100008], [21.654307488000086, 60.15582916900007], [21.614512566000087, 60.16889069200005], [21.571055535000085, 60.170355536000045], [21.52979576900009, 60.159409898000035], [21.49659264400009, 60.13532135600008]]}}, {"type": "Feature", "properties": {}, "geometry": {"type": "LineString", "coordinates": [[21.743662957000083, 60.190619208000044], [21.708181186000047, 60.17177969000005], [21.705088738000086, 60.16071198100008], [21.722504102000073, 60.15582916900007], [21.722504102000073, 60.149603583000044], [21.702647332000083, 60.14215729400007], [21.706879102000073, 60.12958405200004], [21.69581139400009, 60.12164948100008], [21.720225457000083, 60.113714911000045], [21.783213738000086, 60.12323639500005], [21.80567467500009, 60.13532135600008], [21.79656009200005, 60.14138418200008], [21.826182488000086, 60.149603583000044], [21.79151451900009, 60.15582916900007], [21.867849155000044, 60.15582916900007], [21.846039259000065, 60.17011139500005], [21.88770592500009, 60.17633698100008], [21.88770592500009, 60.18374258000006], [21.853526238000086, 60.19676341400003], [21.743662957000083, 60.190619208000044]]}}, {"type": "Feature", "properties": {}, "geometry": {"type": "LineString", "coordinates": [[21.35328209700009, 60.21108633000006], [21.30640709700009, 60.20970286700003], [21.270681186000047, 60.190619208000044], [21.35710696700005, 60.17446523600006], [21.38054446700005, 60.16266510600008], [21.409353061000047, 60.18451569200005], [21.44890384200005, 60.18374258000006], [21.44890384200005, 60.190619208000044], [21.36890709700009, 60.196600653000075], [21.35328209700009, 60.21108633000006]]}}, {"type": "Feature", "properties": {}, "geometry": {"type": "LineString", "coordinates": [[22.058929884000065, 60.21108633000006], [22.041758660000085, 60.21141185100004], [21.997569207000083, 60.190619208000044], [21.935394727000073, 60.17633698100008], [21.950694207000083, 60.14907461100006], [21.977712436000047, 60.13548411700003], [22.009287957000083, 60.13727448100008], [22.037852410000085, 60.15582916900007], [22.011241082000083, 60.17011139500005], [22.07203209700009, 60.19676341400003], [22.058929884000065, 60.21108633000006]]}}, {"type": "Feature", "properties": {}, "geometry": {"type": "LineString", "coordinates": [[22.209239129000082, 60.20425039300005], [22.232269727000073, 60.18496328300006], [22.26929772200009, 60.19586823100008], [22.296885613000086, 60.22125885600008], [22.291758660000085, 60.24518463700008], [22.271657748000052, 60.25299713700008], [22.24586022200009, 60.243068752000056], [22.209239129000082, 60.20425039300005]]}}, {"type": "Feature", "properties": {}, "geometry": {"type": "LineString", "coordinates": [[19.639496290000068, 60.22093333500004], [19.63445071700005, 60.24013906500005], [19.60840905000009, 60.25690338700008], [19.567881707000083, 60.255113023000035], [19.537119988000086, 60.23216380400004], [19.537282748000052, 60.20111725500004], [19.513194207000083, 60.18378327000005], [19.52702884200005, 60.14862702000005], [19.565196160000085, 60.12995026200008], [19.584808790000068, 60.13532135600008], [19.60328209700009, 60.16400788000004], [19.591644727000073, 60.19676341400003], [19.64698326900009, 60.15582916900007], [19.671071811000047, 60.15810781500005], [19.67090905000009, 60.19057851800005], [19.639496290000068, 60.22093333500004]]}}, {"type": "Feature", "properties": {}, "geometry": {"type": "LineString", "coordinates": [[20.427907748000052, 60.265692450000074], [20.410980665000068, 60.25950755400004], [20.379649285000085, 60.26968008000006], [20.358897332000083, 60.265692450000074], [20.34701582100007, 60.25287506700005], [20.34538821700005, 60.23769765800006], [20.353037957000083, 60.22882721600007], [20.382660352000073, 60.24070872600004], [20.38770592500009, 60.221869208000044], [20.380869988000086, 60.198879299000055], [20.392914259000065, 60.19676341400003], [20.441416863000086, 60.24518463700008], [20.438975457000083, 60.25820547100005], [20.427907748000052, 60.265692450000074]]}}, {"type": "Feature", "properties": {}, "geometry": {"type": "LineString", "coordinates": [[20.81885826900009, 60.23216380400004], [20.811371290000068, 60.24518463700008], [20.83887780000009, 60.24681224200003], [20.85059655000009, 60.253607489000046], [20.853037957000083, 60.265692450000074], [20.80518639400009, 60.28620026200008], [20.787282748000052, 60.286322333000044], [20.781097852000073, 60.263657945000034], [20.790537957000083, 60.238714911000045], [20.81885826900009, 60.23216380400004]]}}, {"type": "Feature", "properties": {}, "geometry": {"type": "LineString", "coordinates": [[22.84351647200009, 60.24176666900007], [22.81495201900009, 60.226996161000045], [22.620616082000083, 60.21108633000006], [22.566579623000052, 60.19330475500004], [22.46648196700005, 60.18374258000006], [22.451019727000073, 60.18854401200008], [22.477305535000085, 60.224676825000074], [22.448090040000068, 60.22138092700004], [22.415212436000047, 60.149603583000044], [22.600271030000044, 60.14215729400007], [22.600271030000044, 60.13532135600008], [22.480479363000086, 60.13231028900003], [22.422129754000082, 60.11481354400007], [22.47364342500009, 60.09096914300005], [22.477305535000085, 60.046576239000046], [22.469899936000047, 59.99750397300005], [22.529958530000044, 60.008246161000045], [22.59343509200005, 60.046576239000046], [22.574880405000044, 60.01703522300005], [22.57911217500009, 60.00495026200008], [22.59896894600007, 60.00804271000004], [22.600271030000044, 59.98452383000006], [22.60645592500009, 59.98452383000006], [22.60840905000009, 60.00014883000006], [22.654958530000044, 60.03229401200008], [22.68213951900009, 59.99750397300005], [22.705414259000065, 60.00690338700008], [22.72982832100007, 60.00495026200008], [22.757985873000052, 60.03229401200008], [22.730479363000086, 60.03974030200004], [22.730479363000086, 60.046576239000046], [22.813161655000044, 60.082098700000074], [22.846853061000047, 60.111029364000046], [22.83301842500009, 60.14215729400007], [22.84034264400009, 60.15582916900007], [22.81934655000009, 60.16266510600008], [22.84034264400009, 60.17011139500005], [22.833506707000083, 60.193060614000046], [22.86687259200005, 60.207464911000045], [22.88453209700009, 60.23529694200005], [22.949473504000082, 60.27045319200005], [22.95639082100007, 60.292954820000034], [22.920746290000068, 60.29669830900008], [22.890961134000065, 60.28554922100005], [22.84351647200009, 60.24176666900007]]}}, {"type": "Feature", "properties": {}, "geometry": {"type": "LineString", "coordinates": [[22.10678144600007, 60.31346263200004], [22.083832227000073, 60.30145905200004], [22.07667076900009, 60.28351471600007], [22.080088738000086, 60.26947663000004], [22.109629754000082, 60.27130768400008], [22.163340691000087, 60.25922272300005], [22.181895379000082, 60.27871328300006], [22.140879754000082, 60.27871328300006], [22.181162957000083, 60.281317450000074], [22.203949415000068, 60.27631256700005], [22.216644727000073, 60.265692450000074], [22.20085696700005, 60.254339911000045], [22.215505405000044, 60.253119208000044], [22.260996941000087, 60.25885651200008], [22.289805535000085, 60.273138739000046], [22.312836134000065, 60.265692450000074], [22.33179772200009, 60.26943594000005], [22.33961022200009, 60.28620026200008], [22.32129967500009, 60.29706452000005], [22.24976647200009, 60.31146881700005], [22.10678144600007, 60.31346263200004]]}}, {"type": "Feature", "properties": {}, "geometry": {"type": "LineString", "coordinates": [[22.387950066000087, 60.32094961100006], [22.367442254000082, 60.292954820000034], [22.425303582000083, 60.29905833500004], [22.477305535000085, 60.32094961100006], [22.469004754000082, 60.33152903900003], [22.401621941000087, 60.34137604400007], [22.39820397200009, 60.35504791900007], [22.350271030000044, 60.34784577000005], [22.312836134000065, 60.32094961100006], [22.35059655000009, 60.313666083000044], [22.387950066000087, 60.32094961100006]]}}, {"type": "Feature", "properties": {}, "geometry": {"type": "LineString", "coordinates": [[20.20875084700009, 60.224676825000074], [20.23601321700005, 60.23216380400004], [20.277598504000082, 60.27871328300006], [20.201914910000085, 60.292954820000034], [20.18140709700009, 60.28620026200008], [20.192067905000044, 60.31232330900008], [20.178070509000065, 60.32298411700003], [20.126149936000047, 60.33392975500004], [20.093028191000087, 60.355129299000055], [20.07203209700009, 60.34992096600007], [20.023692254000082, 60.36127350500004], [20.03679446700005, 60.33392975500004], [19.995616082000083, 60.35643138200004], [19.92750084700009, 60.35643138200004], [19.906423373000052, 60.40216705900008], [19.882334832000083, 60.405585028000075], [19.838145379000082, 60.400458075000074], [19.777354363000086, 60.35504791900007], [19.819183790000068, 60.34682851800005], [19.857676629000082, 60.31321849200003], [19.889496290000068, 60.34467194200005], [19.924001498000052, 60.31427643400008], [19.934336785000085, 60.282416083000044], [19.905528191000087, 60.27179596600007], [19.892832879000082, 60.306626695000034], [19.879730665000068, 60.25885651200008], [19.858653191000087, 60.24518463700008], [19.851817254000082, 60.217230536000045], [19.817637566000087, 60.23216380400004], [19.823496941000087, 60.20848216400003], [19.81421959700009, 60.190619208000044], [19.79200280000009, 60.20014069200005], [19.765147332000083, 60.24896881700005], [19.79656009200005, 60.29979075700004], [19.74935957100007, 60.306626695000034], [19.77051842500009, 60.28620026200008], [19.709320509000065, 60.268866278000075], [19.68848717500009, 60.238348700000074], [19.691416863000086, 60.25653717700004], [19.682871941000087, 60.26434967700004], [19.64698326900009, 60.265692450000074], [19.67090905000009, 60.217230536000045], [19.682383660000085, 60.21198151200008], [19.69467207100007, 60.17011139500005], [19.76303144600007, 60.073919989000046], [19.788910352000073, 60.09625885600008], [19.806976759000065, 60.09983958500004], [19.824473504000082, 60.09438711100006], [19.82325280000009, 60.08429596600007], [19.83171634200005, 60.07949453300006], [19.84506269600007, 60.07868073100008], [19.868337436000047, 60.08551666900007], [19.873301629000082, 60.09642161700003], [19.886566602000073, 60.101223049000055], [19.910329623000052, 60.10106028900003], [19.924001498000052, 60.09153880400004], [19.94117272200009, 60.060248114000046], [19.937754754000082, 60.05036041900007], [19.948496941000087, 60.04767487200007], [19.958181186000047, 60.05377838700008], [19.94898522200009, 60.08388906500005], [20.00635826900009, 60.09438711100006], [20.044769727000073, 60.08746979400007], [20.05046634200005, 60.09780508000006], [20.030528191000087, 60.11481354400007], [20.044200066000087, 60.17633698100008], [20.010020379000082, 60.15582916900007], [19.98731530000009, 60.173041083000044], [19.943614129000082, 60.18622467700004], [19.917246941000087, 60.20766836100006], [19.91456139400009, 60.21820709800005], [19.95484459700009, 60.224676825000074], [19.948008660000085, 60.20425039300005], [20.016286655000044, 60.18374258000006], [20.014903191000087, 60.202337958000044], [20.030528191000087, 60.217230536000045], [19.993988477000073, 60.241441148000035], [19.97592207100007, 60.27871328300006], [20.00326582100007, 60.26703522300005], [20.024912957000083, 60.27643463700008], [20.033864780000044, 60.29389069200005], [20.023692254000082, 60.31346263200004], [20.061289910000085, 60.31004466400003], [20.05713951900009, 60.29315827000005], [20.023692254000082, 60.255113023000035], [20.031911655000044, 60.236395575000074], [20.060883009000065, 60.21474844000005], [20.057871941000087, 60.190619208000044], [20.064707879000082, 60.190619208000044], [20.081879102000073, 60.22337474200003], [20.11101321700005, 60.239447333000044], [20.188243035000085, 60.24518463700008], [20.17237389400009, 60.23281484600005], [20.122894727000073, 60.23078034100007], [20.102305535000085, 60.22093333500004], [20.08887780000009, 60.19586823100008], [20.087087436000047, 60.18219635600008], [20.09546959700009, 60.17633698100008], [20.136973504000082, 60.17633698100008], [20.161957227000073, 60.16714101800005], [20.174571160000085, 60.17011139500005], [20.20093834700009, 60.19940827000005], [20.229746941000087, 60.20425039300005], [20.20875084700009, 60.224676825000074]]}}, {"type": "Feature", "properties": {}, "geometry": {"type": "LineString", "coordinates": [[5.111664259000065, 60.200506903000075], [5.098643425000091, 60.25141022300005], [5.050303582000083, 60.28620026200008], [5.082855665000068, 60.28554922100005], [5.097666863000086, 60.298163153000075], [5.093760613000086, 60.32021719000005], [5.070648634000065, 60.34760163000004], [5.002207879000082, 60.39996979400007], [4.976817254000082, 60.44122955900008], [4.94890384200005, 60.439154364000046], [4.944590691000087, 60.43024323100008], [4.954600457000083, 60.405951239000046], [4.971934441000087, 60.383978583000044], [4.960785352000073, 60.36810944200005], [4.970957879000082, 60.33283112200007], [5.0201929050000444, 60.30768463700008], [5.036631707000083, 60.31346263200004], [5.022959832000083, 60.28620026200008], [4.992442254000082, 60.29702383000006], [4.941416863000086, 60.29124583500004], [4.935801629000082, 60.28554922100005], [4.9479272800000444, 60.25885651200008], [4.993011915000068, 60.22528717700004], [5.017425977000073, 60.220770575000074], [5.022959832000083, 60.24518463700008], [5.0358179050000444, 60.237941799000055], [5.0571395190000885, 60.19367096600007], [5.10320071700005, 60.190741278000075], [5.111664259000065, 60.200506903000075]]}}, {"type": "Feature", "properties": {}, "geometry": {"type": "LineString", "coordinates": [[21.997569207000083, 60.33392975500004], [21.997569207000083, 60.34137604400007], [21.96338951900009, 60.34760163000004], [21.997569207000083, 60.35504791900007], [21.988617384000065, 60.36591217700004], [21.942230665000068, 60.36810944200005], [21.950368686000047, 60.37555573100008], [21.894541863000086, 60.39598216400003], [21.906993035000085, 60.40176015800006], [21.950368686000047, 60.39598216400003], [21.931976759000065, 60.42332591400003], [21.904633009000065, 60.431626695000034], [21.89234459700009, 60.449204820000034], [21.832367384000065, 60.471136786000045], [21.808116082000083, 60.46670156500005], [21.798350457000083, 60.443793036000045], [21.846039259000065, 60.41648997600004], [21.846039259000065, 60.40965403900003], [21.792246941000087, 60.39695872600004], [21.785329623000052, 60.38544342700004], [21.794118686000047, 60.37396881700005], [21.90137780000009, 60.34137604400007], [21.90137780000009, 60.32709381700005], [21.921722852000073, 60.33392975500004], [21.96062259200005, 60.32754140800006], [21.997569207000083, 60.33392975500004]]}}, {"type": "Feature", "properties": {}, "geometry": {"type": "LineString", "coordinates": [[18.55014082100007, 60.32709381700005], [18.52979576900009, 60.36810944200005], [18.507823113000086, 60.35602448100008], [18.484629754000082, 60.366400458000044], [18.419932488000086, 60.443793036000045], [18.474457227000073, 60.43081289300005], [18.466075066000087, 60.442694403000075], [18.42676842500009, 60.464911200000074], [18.42676842500009, 60.48541901200008], [18.406260613000086, 60.505845445000034], [18.378754102000073, 60.507798570000034], [18.375173373000052, 60.50039297100005], [18.38803144600007, 60.47890859600005], [18.38917076900009, 60.39101797100005], [18.402191602000073, 60.36981842700004], [18.458832227000073, 60.35382721600007], [18.514333530000044, 60.32094961100006], [18.56690514400009, 60.30744049700007], [18.567881707000083, 60.32127513200004], [18.55014082100007, 60.32709381700005]]}}, {"type": "Feature", "properties": {}, "geometry": {"type": "LineString", "coordinates": [[21.72592207100007, 60.481675523000035], [21.760508660000085, 60.51203034100007], [21.76417076900009, 60.52578359600005], [21.74187259200005, 60.52643463700008], [21.71420332100007, 60.50861237200007], [21.681651238000086, 60.464911200000074], [21.68799889400009, 60.45530833500004], [21.700694207000083, 60.45970286700003], [21.72592207100007, 60.481675523000035]]}}, {"type": "Feature", "properties": {}, "geometry": {"type": "LineString", "coordinates": [[4.977793816000087, 60.524318752000056], [5.005869988000086, 60.49843984600005], [5.043955925000091, 60.50641510600008], [5.053721550000091, 60.50214264500005], [5.063324415000068, 60.47679271000004], [5.078135613000086, 60.47797272300005], [5.064463738000086, 60.464911200000074], [5.132823113000086, 60.443793036000045], [5.1157332690000885, 60.42804596600007], [5.125010613000086, 60.402411200000074], [5.192393425000091, 60.41876862200007], [5.204356316000087, 60.43183014500005], [5.194183790000068, 60.471136786000045], [5.15015709700009, 60.50136953300006], [5.026377800000091, 60.52289459800005], [4.960785352000073, 60.559881903000075], [4.977793816000087, 60.524318752000056]]}}, {"type": "Feature", "properties": {}, "geometry": {"type": "LineString", "coordinates": [[21.319102410000085, 60.481675523000035], [21.324880405000044, 60.482082424000055], [21.304942254000082, 60.51894765800006], [21.278493686000047, 60.542303778000075], [21.250254754000082, 60.559881903000075], [21.229177280000044, 60.559881903000075], [21.260590040000068, 60.51972077000005], [21.250254754000082, 60.49843984600005], [21.319102410000085, 60.481675523000035]]}}, {"type": "Feature", "properties": {}, "geometry": {"type": "LineString", "coordinates": [[21.39421634200005, 60.559881903000075], [21.333832227000073, 60.55735911700003], [21.32593834700009, 60.54315827000005], [21.32862389400009, 60.52533600500004], [21.336110873000052, 60.51943594000005], [21.360118035000085, 60.533189195000034], [21.371267123000052, 60.50836823100008], [21.39226321700005, 60.48997630400004], [21.442637566000087, 60.471136786000045], [21.43067467500009, 60.48114655200004], [21.433604363000086, 60.48908112200007], [21.463145379000082, 60.492254950000074], [21.456309441000087, 60.50678131700005], [21.463145379000082, 60.52578359600005], [21.482269727000073, 60.52578359600005], [21.46192467500009, 60.53937409100007], [21.410980665000068, 60.54291413000004], [21.39421634200005, 60.559881903000075]]}}, {"type": "Feature", "properties": {}, "geometry": {"type": "LineString", "coordinates": [[21.298675977000073, 60.56732819200005], [21.298675977000073, 60.57416413000004], [21.281504754000082, 60.57562897300005], [21.27833092500009, 60.58612702000005], [21.291188998000052, 60.61513906500005], [21.274912957000083, 60.62677643400008], [21.270681186000047, 60.64305247600004], [21.259287957000083, 60.64752838700008], [21.243418816000087, 60.62872955900008], [21.21387780000009, 60.61635976800005], [21.233164910000085, 60.59389883000006], [21.264414910000085, 60.58783600500004], [21.28101647200009, 60.56635163000004], [21.298675977000073, 60.56732819200005]]}}, {"type": "Feature", "properties": {}, "geometry": {"type": "LineString", "coordinates": [[5.687673373000052, 60.67658112200007], [5.66570071700005, 60.688788153000075], [5.608409050000091, 60.68842194200005], [5.59156334700009, 60.67658112200007], [5.587738477000073, 60.64252350500004], [5.5696720710000704, 60.625067450000074], [5.4343367850000845, 60.577826239000046], [5.409027540000068, 60.55801015800006], [5.32398522200009, 60.54682038000004], [5.392832879000082, 60.51211172100005], [5.435557488000086, 60.47650788000004], [5.502126498000052, 60.43695709800005], [5.608897332000083, 60.443793036000045], [5.624522332000083, 60.466864325000074], [5.675954623000052, 60.47288646000004], [5.68140709700009, 60.481675523000035], [5.674001498000052, 60.54682038000004], [5.687673373000052, 60.61172109600005], [5.687673373000052, 60.67658112200007]]}}, {"type": "Feature", "properties": {}, "geometry": {"type": "LineString", "coordinates": [[21.264414910000085, 60.882025458000044], [21.31812584700009, 60.880194403000075], [21.32789147200009, 60.910142320000034], [21.374278191000087, 60.93040599200003], [21.304942254000082, 60.97138092700004], [21.27003014400009, 60.967962958000044], [21.243418816000087, 60.950873114000046], [21.283213738000086, 60.94281647300005], [21.31226647200009, 60.92300039300005], [21.291188998000052, 60.90997955900008], [21.298675977000073, 60.895697333000044], [21.276621941000087, 60.889105536000045], [21.227793816000087, 60.899725653000075], [21.202403191000087, 60.88947174700007], [21.264414910000085, 60.882025458000044]]}}, {"type": "Feature", "properties": {}, "geometry": {"type": "LineString", "coordinates": [[4.960785352000073, 61.177435614000046], [4.943532748000052, 61.19017161700003], [4.919932488000086, 61.191107489000046], [4.9342554050000444, 61.177435614000046], [4.90007571700005, 61.169989325000074], [4.906097852000073, 61.14642975500004], [4.8952742850000845, 61.13735586100006], [4.87281334700009, 61.194647528000075], [4.862478061000047, 61.20343659100007], [4.844737175000091, 61.197333075000074], [4.872080925000091, 61.13646067900004], [4.863291863000086, 61.12173086100006], [4.85132897200009, 61.12929922100005], [4.8305770190000885, 61.16323476800005], [4.79460696700005, 61.15375397300005], [4.795258009000065, 61.082912502000056], [4.8032332690000885, 61.046535549000055], [4.820567254000082, 61.07754140800006], [4.858409050000091, 61.10114166900007], [4.8754988940000885, 61.08978913000004], [4.893809441000087, 61.05609772300005], [4.985362175000091, 61.10488515800006], [4.987315300000091, 61.11969635600008], [4.960785352000073, 61.177435614000046]]}}, {"type": "Feature", "properties": {}, "geometry": {"type": "LineString", "coordinates": [[4.865244988000086, 61.88939036700003], [4.86491946700005, 61.873032945000034], [4.8032332690000885, 61.84162018400008], [4.926768425000091, 61.82794830900008], [4.90007571700005, 61.80744049700007], [4.87077884200005, 61.813381252000056], [4.872080925000091, 61.80060455900008], [4.889659050000091, 61.78510163000004], [4.916270379000082, 61.780951239000046], [5.0533960300000444, 61.80878327000005], [5.125987175000091, 61.85586172100005], [5.138682488000086, 61.83734772300005], [5.118418816000087, 61.82111237200007], [5.176605665000068, 61.82566966400003], [5.205414259000065, 61.83392975500004], [5.222829623000052, 61.84845612200007], [4.952972852000073, 61.89695872600004], [4.865244988000086, 61.88939036700003]]}}, {"type": "Feature", "properties": {}, "geometry": {"type": "LineString", "coordinates": [[23.943369988000086, 58.11318594000005], [23.970713738000086, 58.099595445000034], [24.00245201900009, 58.10854726800005], [24.022146030000044, 58.12986888200004], [24.01335696700005, 58.153509833000044], [23.955332879000082, 58.15180084800005], [23.93799889400009, 58.13727448100008], [23.943369988000086, 58.11318594000005]]}}, {"type": "Feature", "properties": {}, "geometry": {"type": "LineString", "coordinates": [[23.230642123000052, 58.50482819200005], [23.148285352000073, 58.521551825000074], [23.091075066000087, 58.57094961100006], [22.922048373000052, 58.61741771000004], [22.846364780000044, 58.61343008000006], [22.811371290000068, 58.62295156500005], [22.736338738000086, 58.58808014500005], [22.68213951900009, 58.60032786700003], [22.64812259200005, 58.58673737200007], [22.61264082100007, 58.60569896000004], [22.583181186000047, 58.63450755400004], [22.550303582000083, 58.62958405200004], [22.463063998000052, 58.59292226800005], [22.32195071700005, 58.58478424700007], [22.288340691000087, 58.56932200700004], [22.28288821700005, 58.52204010600008], [22.27320397200009, 58.502020575000074], [22.228851759000065, 58.51056549700007], [22.212901238000086, 58.54637278900003], [22.187754754000082, 58.54287344000005], [22.171885613000086, 58.521551825000074], [22.113617384000065, 58.49799225500004], [22.103688998000052, 58.487209377000056], [22.09310957100007, 58.44953034100007], [22.098480665000068, 58.42609284100007], [22.089366082000083, 58.42218659100007], [22.07357832100007, 58.42690664300005], [22.06421959700009, 58.456691799000055], [22.020762566000087, 58.499253648000035], [21.995616082000083, 58.51251862200007], [21.928477410000085, 58.51837799700007], [21.916270379000082, 58.501166083000044], [21.90137780000009, 58.49799225500004], [21.832367384000065, 58.510972398000035], [21.945974155000044, 58.43227773600006], [22.011241082000083, 58.353949286000045], [21.968028191000087, 58.35455963700008], [21.954925977000073, 58.34406159100007], [21.96338951900009, 58.326605536000045], [21.944590691000087, 58.31875234600005], [21.894541863000086, 58.34650299700007], [21.873301629000082, 58.34162018400008], [21.908213738000086, 58.29873281500005], [21.855642123000052, 58.30687083500004], [21.843272332000083, 58.30215078300006], [21.843760613000086, 58.29360586100006], [21.867849155000044, 58.26459381700005], [21.896494988000086, 58.25071849200003], [21.99382571700005, 58.24469635600008], [22.016856316000087, 58.23387278900003], [22.052989129000082, 58.18659088700008], [22.072276238000086, 58.175848700000074], [22.141856316000087, 58.16950104400007], [22.202972852000073, 58.14789459800005], [22.16504967500009, 58.116888739000046], [22.147715691000087, 58.07957591400003], [22.08570397200009, 58.08258698100008], [22.021332227000073, 58.02122630400004], [21.997569207000083, 57.984035549000055], [21.96338951900009, 57.984035549000055], [21.964121941000087, 57.97138092700004], [21.99073326900009, 57.958238023000035], [21.990082227000073, 57.935614325000074], [22.016856316000087, 57.914496161000045], [22.048350457000083, 57.91510651200008], [22.202972852000073, 57.99396393400008], [22.199880405000044, 58.02602773600006], [22.229258660000085, 58.05219147300005], [22.25684655000009, 58.09324778900003], [22.271739129000082, 58.174261786000045], [22.295095248000052, 58.19285716400003], [22.387950066000087, 58.22675202000005], [22.42164147200009, 58.22162506700005], [22.476817254000082, 58.24510325700004], [22.490977410000085, 58.24469635600008], [22.497243686000047, 58.22304922100005], [22.504161004000082, 58.223537502000056], [22.535004102000073, 58.25405508000006], [22.56495201900009, 58.23517487200007], [22.586192254000082, 58.24778880400004], [22.621348504000082, 58.25275299700007], [22.654958530000044, 58.24469635600008], [22.669200066000087, 58.22150299700007], [22.72315514400009, 58.22540924700007], [22.756683790000068, 58.242254950000074], [22.710134311000047, 58.25775788000004], [22.72120201900009, 58.27033112200007], [22.811208530000044, 58.273423570000034], [22.85401451900009, 58.29873281500005], [22.902679884000065, 58.311835028000075], [22.969493035000085, 58.36017487200007], [22.947520379000082, 58.37262604400007], [22.95484459700009, 58.38104889500005], [22.97754967500009, 58.38165924700007], [23.02198326900009, 58.36322663000004], [23.042491082000083, 58.37148672100005], [23.086761915000068, 58.394964911000045], [23.084239129000082, 58.42963288000004], [23.108653191000087, 58.429022528000075], [23.130381707000083, 58.439520575000074], [23.156504754000082, 58.47752513200004], [23.181895379000082, 58.474676825000074], [23.196055535000085, 58.456366278000075], [23.23487389400009, 58.439886786000045], [23.278005405000044, 58.43650950700004], [23.261729363000086, 58.451605536000045], [23.23764082100007, 58.456366278000075], [23.26140384200005, 58.46588776200008], [23.324961785000085, 58.442287502000056], [23.333262566000087, 58.456366278000075], [23.288584832000083, 58.48818594000005], [23.230642123000052, 58.50482819200005]]}}, {"type": "Feature", "properties": {}, "geometry": {"type": "LineString", "coordinates": [[23.381602410000085, 58.57990143400008], [23.347504102000073, 58.60716380400004], [23.349131707000083, 58.63507721600007], [23.330251498000052, 58.65306224200003], [23.19776451900009, 58.68060944200005], [23.154633009000065, 58.67593008000006], [23.134613477000073, 58.661810614000046], [23.120941602000073, 58.62832265800006], [23.075450066000087, 58.62982819200005], [23.062836134000065, 58.62457916900007], [23.059336785000085, 58.60346100500004], [23.083262566000087, 58.59052155200004], [23.134613477000073, 58.57990143400008], [23.23487389400009, 58.53465403900003], [23.278575066000087, 58.54637278900003], [23.362152540000068, 58.532456773000035], [23.400238477000073, 58.55540599200003], [23.381602410000085, 58.57990143400008]]}}, {"type": "Feature", "properties": {}, "geometry": {"type": "LineString", "coordinates": [[23.364024285000085, 59.028957424000055], [23.34424889400009, 59.03929271000004], [23.278005405000044, 59.03237539300005], [23.170176629000082, 59.04588450700004], [23.13135826900009, 59.040716864000046], [23.114105665000068, 59.02179596600007], [23.148285352000073, 58.97402578300006], [23.163259311000047, 58.96893952000005], [23.210785352000073, 58.97296784100007], [23.223399285000085, 58.98395416900007], [23.299082879000082, 58.97089264500005], [23.340098504000082, 58.98395416900007], [23.374278191000087, 58.97553131700005], [23.384776238000086, 58.980536200000074], [23.393728061000047, 58.99624258000006], [23.38965905000009, 59.007513739000046], [23.364024285000085, 59.028957424000055]]}}, {"type": "Feature", "properties": {}, "geometry": {"type": "LineString", "coordinates": [[22.291758660000085, 58.89520905200004], [22.354746941000087, 58.89207591400003], [22.429942254000082, 58.852443752000056], [22.439789259000065, 58.84137604400007], [22.449473504000082, 58.786810614000046], [22.497243686000047, 58.737534898000035], [22.463063998000052, 58.716457424000055], [22.50171959700009, 58.69476959800005], [22.55567467500009, 58.68699778900003], [22.611175977000073, 58.69049713700008], [22.654958530000044, 58.702785549000055], [22.68100019600007, 58.72406647300005], [22.736664259000065, 58.80646393400008], [22.777598504000082, 58.82436758000006], [22.81934655000009, 58.82965729400007], [22.826914910000085, 58.81915924700007], [22.77833092500009, 58.792181708000044], [22.79004967500009, 58.78099192900004], [22.84538821700005, 58.77651601800005], [22.886729363000086, 58.79047272300005], [22.886973504000082, 58.811835028000075], [22.867198113000086, 58.82005442900004], [22.879567905000044, 58.83270905200004], [22.929209832000083, 58.83999258000006], [22.942230665000068, 58.83421458500004], [22.95679772200009, 58.84739817900004], [23.019053582000083, 58.82908763200004], [23.033539259000065, 58.83030833500004], [23.040537957000083, 58.84076569200005], [23.039073113000086, 58.861029364000046], [23.021739129000082, 58.86408112200007], [23.015147332000083, 58.891791083000044], [22.949554884000065, 58.93618398600006], [22.949554884000065, 58.97089264500005], [22.93409264400009, 58.984035549000055], [22.837168816000087, 59.00861237200007], [22.736664259000065, 59.005072333000044], [22.701345248000052, 59.02496979400007], [22.691579623000052, 59.04116445500006], [22.714121941000087, 59.069566148000035], [22.666677280000044, 59.08490631700005], [22.587168816000087, 59.08698151200008], [22.559255405000044, 59.038397528000075], [22.487559441000087, 59.01642487200007], [22.488454623000052, 58.98114655200004], [22.442067905000044, 58.98468659100007], [22.443532748000052, 58.977728583000044], [22.463063998000052, 58.97089264500005], [22.168223504000082, 58.950384833000044], [22.09424889400009, 58.95604075700004], [22.055511915000068, 58.95270416900007], [22.04468834700009, 58.93618398600006], [22.19499759200005, 58.888006903000075], [22.291758660000085, 58.89520905200004]]}}, {"type": "Feature", "properties": {}, "geometry": {"type": "LineString", "coordinates": [[18.48536217500009, 59.09756094000005], [18.479340040000068, 59.11664459800005], [18.465993686000047, 59.117254950000074], [18.37476647200009, 59.07835521000004], [18.37631269600007, 59.063788153000075], [18.351084832000083, 59.05683014500005], [18.361582879000082, 59.03921133000006], [18.341319207000083, 59.03343333500004], [18.344411655000044, 59.02570221600007], [18.37671959700009, 59.00690338700008], [18.413584832000083, 59.01166413000004], [18.435883009000065, 59.04975006700005], [18.45606530000009, 59.05719635600008], [18.48731530000009, 59.08502838700008], [18.48536217500009, 59.09756094000005]]}}, {"type": "Feature", "properties": {}, "geometry": {"type": "LineString", "coordinates": [[18.71583092500009, 59.20880768400008], [18.690928582000083, 59.20880768400008], [18.659678582000083, 59.17690664300005], [18.66846764400009, 59.174261786000045], [18.750010613000086, 59.205145575000074], [18.71583092500009, 59.20880768400008]]}}, {"type": "Feature", "properties": {}, "geometry": {"type": "LineString", "coordinates": [[18.797048373000052, 59.29486725500004], [18.757660352000073, 59.294582424000055], [18.724619988000086, 59.272650458000044], [18.722666863000086, 59.26239655200004], [18.77515709700009, 59.25218333500004], [18.810801629000082, 59.28925202000005], [18.797048373000052, 59.29486725500004]]}}, {"type": "Feature", "properties": {}, "geometry": {"type": "LineString", "coordinates": [[18.676036004000082, 59.340277411000045], [18.685801629000082, 59.316473700000074], [18.673106316000087, 59.303900458000044], [18.67750084700009, 59.29954661700003], [18.726573113000086, 59.31199778900003], [18.74708092500009, 59.33185455900008], [18.741709832000083, 59.350775458000044], [18.705902540000068, 59.37124258000006], [18.63803144600007, 59.36798737200007], [18.676036004000082, 59.340277411000045]]}}, {"type": "Feature", "properties": {}, "geometry": {"type": "LineString", "coordinates": [[18.106700066000087, 59.38495514500005], [18.12281334700009, 59.356756903000075], [18.165537957000083, 59.34064362200007], [18.212087436000047, 59.341498114000046], [18.22242272200009, 59.35179271000004], [18.203949415000068, 59.36591217700004], [18.249278191000087, 59.36668528900003], [18.12273196700005, 59.389105536000045], [18.106700066000087, 59.38495514500005]]}}, {"type": "Feature", "properties": {}, "geometry": {"type": "LineString", "coordinates": [[18.854258660000085, 59.40253327000005], [18.847666863000086, 59.38934967700004], [18.869476759000065, 59.393459377000056], [18.865082227000073, 59.39984772300005], [18.854258660000085, 59.40253327000005]]}}, {"type": "Feature", "properties": {}, "geometry": {"type": "LineString", "coordinates": [[18.94239342500009, 59.39362213700008], [18.92156009200005, 59.405910549000055], [18.89942467500009, 59.40070221600007], [18.899912957000083, 59.393744208000044], [18.937673373000052, 59.37323639500005], [18.94825280000009, 59.37872955900008], [18.94239342500009, 59.39362213700008]]}}, {"type": "Feature", "properties": {}, "geometry": {"type": "LineString", "coordinates": [[18.925791863000086, 59.434027411000045], [18.916351759000065, 59.446193752000056], [18.898610873000052, 59.44570547100005], [18.87354576900009, 59.43976471600007], [18.860606316000087, 59.42450592700004], [18.872325066000087, 59.408636786000045], [18.89389082100007, 59.40717194200005], [18.925791863000086, 59.434027411000045]]}}, {"type": "Feature", "properties": {}, "geometry": {"type": "LineString", "coordinates": [[18.656586134000065, 59.506740627000056], [18.739105665000068, 59.54043203300006], [18.688975457000083, 59.53339264500005], [18.654307488000086, 59.550034898000035], [18.609711134000065, 59.54564036700003], [18.551117384000065, 59.51007721600007], [18.548106316000087, 59.49896881700005], [18.577647332000083, 59.49506256700005], [18.55958092500009, 59.491441148000035], [18.557383660000085, 59.48200104400007], [18.53809655000009, 59.49555084800005], [18.514414910000085, 59.49095286700003], [18.510508660000085, 59.48314036700003], [18.54542076900009, 59.42853424700007], [18.55640709700009, 59.422308661000045], [18.580902540000068, 59.43073151200008], [18.578461134000065, 59.46393463700008], [18.59115644600007, 59.452460028000075], [18.601817254000082, 59.45612213700008], [18.605316602000073, 59.466782945000034], [18.594411655000044, 59.48688385600008], [18.60840905000009, 59.49363841400003], [18.632985873000052, 59.48965078300006], [18.656586134000065, 59.506740627000056]]}}, {"type": "Feature", "properties": {}, "geometry": {"type": "LineString", "coordinates": [[24.515879754000082, 59.598089911000045], [24.50049889400009, 59.59625885600008], [24.48731530000009, 59.57851797100005], [24.489105665000068, 59.55963776200008], [24.516286655000044, 59.544256903000075], [24.542816602000073, 59.54779694200005], [24.550059441000087, 59.55776601800005], [24.515879754000082, 59.598089911000045]]}}, {"type": "Feature", "properties": {}, "geometry": {"type": "LineString", "coordinates": [[18.977712436000047, 59.63385651200008], [18.95248457100007, 59.65298086100006], [18.937754754000082, 59.64907461100006], [18.858571811000047, 59.595770575000074], [18.863454623000052, 59.583970445000034], [18.90528405000009, 59.583238023000035], [18.92750084700009, 59.62246328300006], [18.968028191000087, 59.61937083500004], [18.984629754000082, 59.624335028000075], [18.977712436000047, 59.63385651200008]]}}, {"type": "Feature", "properties": {}, "geometry": {"type": "LineString", "coordinates": [[18.854258660000085, 59.60114166900007], [18.924164259000065, 59.64826080900008], [18.92432701900009, 59.65692780200004], [18.75684655000009, 59.57265859600005], [18.82390384200005, 59.58388906500005], [18.854258660000085, 59.60114166900007]]}}, {"type": "Feature", "properties": {}, "geometry": {"type": "LineString", "coordinates": [[18.996348504000082, 59.809759833000044], [18.99545332100007, 59.839504299000055], [18.98796634200005, 59.85053131700005], [18.959157748000052, 59.863714911000045], [18.88575280000009, 59.79393138200004], [18.891286655000044, 59.785589911000045], [18.935557488000086, 59.792669989000046], [18.97201582100007, 59.78660716400003], [18.99781334700009, 59.794623114000046], [19.002289259000065, 59.80573151200008], [18.996348504000082, 59.809759833000044]]}}, {"type": "Feature", "properties": {}, "geometry": {"type": "LineString", "coordinates": [[20.875254754000082, 59.914129950000074], [20.912364129000082, 59.90448639500005], [20.920176629000082, 59.90924713700008], [20.89747155000009, 59.94013092700004], [20.87086022200009, 59.936753648000035], [20.862071160000085, 59.928168036000045], [20.875254754000082, 59.914129950000074]]}}, {"type": "Feature", "properties": {}, "geometry": {"type": "LineString", "coordinates": [[20.983571811000047, 59.94277578300006], [20.99586022200009, 59.94989655200004], [20.934743686000047, 59.95799388200004], [20.913259311000047, 59.948431708000044], [20.982758009000065, 59.921535549000055], [20.99122155000009, 59.92674388200004], [20.96924889400009, 59.94208405200004], [20.983571811000047, 59.94277578300006]]}}, {"type": "Feature", "properties": {}, "geometry": {"type": "LineString", "coordinates": [[23.915212436000047, 59.97345612200007], [23.870290561000047, 59.97280508000006], [23.84742272200009, 59.95465729400007], [23.87077884200005, 59.94672272300005], [23.89421634200005, 59.94969310100004], [23.92042076900009, 59.959418036000045], [23.92351321700005, 59.96930573100008], [23.915212436000047, 59.97345612200007]]}}, {"type": "Feature", "properties": {}, "geometry": {"type": "LineString", "coordinates": [[20.610118035000085, 60.044989325000074], [20.582855665000068, 60.05914948100008], [20.544932488000086, 60.05609772300005], [20.500824415000068, 60.01268138200004], [20.52702884200005, 60.005072333000044], [20.55046634200005, 60.018866278000075], [20.587168816000087, 60.00812409100007], [20.606293165000068, 60.022650458000044], [20.608246290000068, 60.03595612200007], [20.60092207100007, 60.03921133000006], [20.617930535000085, 60.042222398000035], [20.610118035000085, 60.044989325000074]]}}, {"type": "Feature", "properties": {}, "geometry": {"type": "LineString", "coordinates": [[20.424082879000082, 60.05524323100008], [20.403493686000047, 60.04051341400003], [20.390147332000083, 60.028225002000056], [20.402354363000086, 60.02130768400008], [20.43213951900009, 60.025091864000046], [20.451019727000073, 60.04010651200008], [20.46257571700005, 60.06679922100005], [20.424082879000082, 60.05524323100008]]}}, {"type": "Feature", "properties": {}, "geometry": {"type": "LineString", "coordinates": [[22.887380405000044, 60.06777578300006], [22.85515384200005, 60.055568752000056], [22.88379967500009, 60.048081773000035], [22.855723504000082, 60.04132721600007], [22.851084832000083, 60.02789948100008], [22.859548373000052, 60.011419989000046], [22.872243686000047, 60.00604889500005], [22.926605665000068, 60.06537506700005], [22.887380405000044, 60.06777578300006]]}}, {"type": "Feature", "properties": {}, "geometry": {"type": "LineString", "coordinates": [[20.52116946700005, 60.048041083000044], [20.541840040000068, 60.07099030200004], [20.46973717500009, 60.05735911700003], [20.471364780000044, 60.04132721600007], [20.500336134000065, 60.036363023000035], [20.52116946700005, 60.048041083000044]]}}, {"type": "Feature", "properties": {}, "geometry": {"type": "LineString", "coordinates": [[22.95753014400009, 60.11078522300005], [22.937673373000052, 60.124335028000075], [22.89161217500009, 60.11908600500004], [22.84546959700009, 60.08222077000005], [22.89893639400009, 60.08100006700005], [22.927907748000052, 60.089911200000074], [22.946787957000083, 60.08470286700003], [22.963145379000082, 60.096869208000044], [22.95753014400009, 60.11078522300005]]}}, {"type": "Feature", "properties": {}, "geometry": {"type": "LineString", "coordinates": [[21.99154707100007, 60.12995026200008], [21.962087436000047, 60.137884833000044], [21.929942254000082, 60.12457916900007], [21.94385826900009, 60.11347077000005], [21.971364780000044, 60.111395575000074], [22.007334832000083, 60.11546458500004], [22.012380405000044, 60.122748114000046], [21.99154707100007, 60.12995026200008]]}}, {"type": "Feature", "properties": {}, "geometry": {"type": "LineString", "coordinates": [[20.68336022200009, 60.130519924000055], [20.65992272200009, 60.149725653000075], [20.635508660000085, 60.14394765800006], [20.638682488000086, 60.13133372600004], [20.67156009200005, 60.10919830900008], [20.688243035000085, 60.11701080900008], [20.68336022200009, 60.130519924000055]]}}, {"type": "Feature", "properties": {}, "geometry": {"type": "LineString", "coordinates": [[22.313161655000044, 60.19196198100008], [22.29932701900009, 60.18219635600008], [22.288340691000087, 60.14984772300005], [22.33692467500009, 60.148504950000074], [22.31999759200005, 60.164048570000034], [22.367930535000085, 60.177394924000055], [22.385590040000068, 60.19525788000004], [22.375010613000086, 60.20404694200005], [22.313161655000044, 60.19196198100008]]}}, {"type": "Feature", "properties": {}, "geometry": {"type": "LineString", "coordinates": [[18.72396894600007, 60.196600653000075], [18.713063998000052, 60.18256256700005], [18.72437584700009, 60.155462958000044], [18.760996941000087, 60.150051174000055], [18.806895379000082, 60.160589911000045], [18.800303582000083, 60.17641836100006], [18.784434441000087, 60.175116278000075], [18.788259311000047, 60.18414948100008], [18.753103061000047, 60.20917389500005], [18.71851647200009, 60.216457424000055], [18.71225019600007, 60.212144273000035], [18.728770379000082, 60.200425523000035], [18.72396894600007, 60.196600653000075]]}}, {"type": "Feature", "properties": {}, "geometry": {"type": "LineString", "coordinates": [[20.683767123000052, 60.229396877000056], [20.66846764400009, 60.22671133000006], [20.66342207100007, 60.21637604400007], [20.670664910000085, 60.199204820000034], [20.686778191000087, 60.194566148000035], [20.716319207000083, 60.20929596600007], [20.683767123000052, 60.229396877000056]]}}, {"type": "Feature", "properties": {}, "geometry": {"type": "LineString", "coordinates": [[21.983164910000085, 60.28497955900008], [22.006032748000052, 60.29214101800005], [22.00831139400009, 60.297308661000045], [21.972911004000082, 60.28534577000005], [21.983164910000085, 60.28497955900008]]}}, {"type": "Feature", "properties": {}, "geometry": {"type": "LineString", "coordinates": [[21.956879102000073, 60.28139883000006], [21.973806186000047, 60.30931224200003], [21.92546634200005, 60.31264883000006], [21.875336134000065, 60.30487702000005], [21.884938998000052, 60.289496161000045], [21.909678582000083, 60.28009674700007], [21.956879102000073, 60.28139883000006]]}}, {"type": "Feature", "properties": {}, "geometry": {"type": "LineString", "coordinates": [[20.777354363000086, 60.32648346600007], [20.789398634000065, 60.34271881700005], [20.787364129000082, 60.36196523600006], [20.75717207100007, 60.366115627000056], [20.732676629000082, 60.33274974200003], [20.732676629000082, 60.31435781500005], [20.777354363000086, 60.32648346600007]]}}, {"type": "Feature", "properties": {}, "geometry": {"type": "LineString", "coordinates": [[22.299652540000068, 60.36758047100005], [22.28492272200009, 60.374986070000034], [22.255707227000073, 60.37417226800005], [22.164235873000052, 60.36163971600007], [22.15723717500009, 60.35187409100007], [22.19109134200005, 60.34174225500004], [22.28956139400009, 60.35797760600008], [22.299652540000068, 60.36758047100005]]}}, {"type": "Feature", "properties": {}, "geometry": {"type": "LineString", "coordinates": [[22.206228061000047, 60.38255442900004], [22.137868686000047, 60.37909577000005], [22.104258660000085, 60.35415273600006], [22.20753014400009, 60.37555573100008], [22.206228061000047, 60.38255442900004]]}}, {"type": "Feature", "properties": {}, "geometry": {"type": "LineString", "coordinates": [[21.338063998000052, 60.38336823100008], [21.307790561000047, 60.38959381700005], [21.294444207000083, 60.37051015800006], [21.33106530000009, 60.36517975500004], [21.33838951900009, 60.35309479400007], [21.355316602000073, 60.35179271000004], [21.352305535000085, 60.370428778000075], [21.338063998000052, 60.38336823100008]]}}, {"type": "Feature", "properties": {}, "geometry": {"type": "LineString", "coordinates": [[8.63453209700009, 54.542629299000055], [8.602061394000089, 54.52977122600004], [8.595876498000052, 54.513657945000034], [8.61882571700005, 54.492621161000045], [8.669769727000073, 54.50189850500004], [8.692881707000083, 54.52326080900008], [8.70093834700009, 54.547756252000056], [8.69890384200005, 54.558579820000034], [8.63453209700009, 54.542629299000055]]}}, {"type": "Feature", "properties": {}, "geometry": {"type": "LineString", "coordinates": [[15.705332879000082, 56.116400458000044], [15.669118686000047, 56.123928127000056], [15.64234459700009, 56.10464101800005], [15.651133660000085, 56.08999258000006], [15.696787957000083, 56.074286200000074], [15.703623894000089, 56.08071523600006], [15.70085696700005, 56.10565827000005], [15.726898634000065, 56.118353583000044], [15.705332879000082, 56.116400458000044]]}}, {"type": "Feature", "properties": {}, "geometry": {"type": "LineString", "coordinates": [[23.260508660000085, 57.81354401200008], [23.22429446700005, 57.82371653900003], [23.21778405000009, 57.80093008000006], [23.250254754000082, 57.784369208000044], [23.270192905000044, 57.78563060100004], [23.27507571700005, 57.79873281500005], [23.260508660000085, 57.81354401200008]]}}, {"type": "Feature", "properties": {}, "geometry": {"type": "LineString", "coordinates": [[16.866709832000083, 58.30459219000005], [16.844899936000047, 58.31037018400008], [16.83253014400009, 58.30418528900003], [16.84742272200009, 58.275458075000074], [16.86817467500009, 58.272650458000044], [16.879079623000052, 58.280585028000075], [16.88062584700009, 58.29328034100007], [16.866709832000083, 58.30459219000005]]}}, {"type": "Feature", "properties": {}, "geometry": {"type": "LineString", "coordinates": [[16.89161217500009, 58.33372630400004], [16.870290561000047, 58.333238023000035], [16.83057701900009, 58.35594310100004], [16.82748457100007, 58.36359284100007], [16.847178582000083, 58.37213776200008], [16.828786655000044, 58.38153717700004], [16.85124759200005, 58.38336823100008], [16.861582879000082, 58.39199453300006], [16.859711134000065, 58.40029531500005], [16.807790561000047, 58.394232489000046], [16.79004967500009, 58.38906484600005], [16.785166863000086, 58.380072333000044], [16.827403191000087, 58.32754140800006], [16.88184655000009, 58.31712474200003], [16.91895592500009, 58.336371161000045], [16.89161217500009, 58.33372630400004]]}}, {"type": "Feature", "properties": {}, "geometry": {"type": "LineString", "coordinates": [[18.321462436000047, 58.96914297100005], [18.261892123000052, 58.95962148600006], [18.226410352000073, 58.94472890800006], [18.193614129000082, 58.911322333000044], [18.216319207000083, 58.905585028000075], [18.316416863000086, 58.926947333000044], [18.289805535000085, 58.941392320000034], [18.33887780000009, 58.957912502000056], [18.35710696700005, 58.976996161000045], [18.321462436000047, 58.96914297100005]]}}, {"type": "Feature", "properties": {}, "geometry": {"type": "LineString", "coordinates": [[18.19825280000009, 59.00967031500005], [18.17872155000009, 59.011419989000046], [18.21656334700009, 59.02448151200008], [18.103526238000086, 59.022650458000044], [18.082855665000068, 59.00922272300005], [18.081553582000083, 58.99673086100006], [18.058604363000086, 58.98509349200003], [18.050629102000073, 58.960923570000034], [18.09896894600007, 58.97882721600007], [18.117523634000065, 58.96735260600008], [18.144704623000052, 58.96906159100007], [18.150238477000073, 58.97687409100007], [18.14584394600007, 59.00438060100004], [18.190196160000085, 58.99388255400004], [18.19825280000009, 59.00967031500005]]}}, {"type": "Feature", "properties": {}, "geometry": {"type": "LineString", "coordinates": [[17.707286004000082, 58.993353583000044], [17.686696811000047, 59.05036041900007], [17.66895592500009, 59.05890534100007], [17.66309655000009, 59.071966864000046], [17.652191602000073, 59.071519273000035], [17.64389082100007, 59.06134674700007], [17.64812259200005, 59.01752350500004], [17.624278191000087, 58.96393463700008], [17.640635613000086, 58.94765859600005], [17.63917076900009, 58.930975653000075], [17.64812259200005, 58.91893138200004], [17.657725457000083, 58.92267487200007], [17.684825066000087, 58.900824286000045], [17.69117272200009, 58.90180084800005], [17.68067467500009, 58.92182038000004], [17.697113477000073, 58.93549225500004], [17.707286004000082, 58.993353583000044]]}}, {"type": "Feature", "properties": {}, "geometry": {"type": "LineString", "coordinates": [[11.070323113000086, 59.079331773000035], [11.047618035000085, 59.07318756700005], [11.039805535000085, 59.07440827000005], [11.034353061000047, 59.08893463700008], [11.00326582100007, 59.08649323100008], [10.993174675000091, 59.07664622600004], [10.991465691000087, 59.03359609600005], [11.018239780000044, 59.01935455900008], [11.046397332000083, 59.02680084800005], [11.054860873000052, 59.03587474200003], [11.051605665000068, 59.046128648000035], [11.082367384000065, 59.06785716400003], [11.083018425000091, 59.07729726800005], [11.070323113000086, 59.079331773000035]]}}, {"type": "Feature", "properties": {}, "geometry": {"type": "LineString", "coordinates": [[10.910492384000065, 59.116441148000035], [10.857269727000073, 59.09906647300005], [10.867930535000085, 59.113267320000034], [10.855479363000086, 59.11538320500006], [10.829112175000091, 59.09943268400008], [10.845713738000086, 59.07575104400007], [10.883799675000091, 59.07217031500005], [10.914398634000065, 59.10073476800005], [10.910492384000065, 59.116441148000035]]}}, {"type": "Feature", "properties": {}, "geometry": {"type": "LineString", "coordinates": [[5.2897241550000444, 60.074286200000074], [5.272715691000087, 60.08372630400004], [5.25953209700009, 60.07558828300006], [5.24781334700009, 60.098537502000056], [5.2220158210000704, 60.11713288000004], [5.205332879000082, 60.11737702000005], [5.228770379000082, 60.06732819200005], [5.2465926440000885, 60.05145905200004], [5.223887566000087, 60.042303778000075], [5.2036238940000885, 60.08828359600005], [5.179860873000052, 60.06818268400008], [5.171722852000073, 60.04946523600006], [5.1979272800000444, 60.03388092700004], [5.204274936000047, 60.016058661000045], [5.2454533210000704, 60.00429922100005], [5.25367272200009, 59.99310944200005], [5.268809441000087, 59.99485911700003], [5.297048373000052, 60.02753327000005], [5.300059441000087, 60.050767320000034], [5.2897241550000444, 60.074286200000074]]}}, {"type": "Feature", "properties": {}, "geometry": {"type": "LineString", "coordinates": [[4.9223738940000885, 60.86749909100007], [4.9225366550000444, 60.878119208000044], [4.8972274100000845, 60.907416083000044], [4.874034050000091, 60.917669989000046], [4.87086022200009, 60.92377350500004], [4.882823113000086, 60.92999909100007], [4.8248804050000444, 60.93008047100005], [4.843272332000083, 60.93886953300006], [4.836761915000068, 60.94318268400008], [4.776866082000083, 60.92999909100007], [4.781586134000065, 60.917629299000055], [4.809580925000091, 60.91185130400004], [4.825205925000091, 60.92047760600008], [4.8347274100000845, 60.89520905200004], [4.868174675000091, 60.88776276200008], [4.878754102000073, 60.86513906500005], [4.9251408210000704, 60.855536200000074], [4.92937259200005, 60.86115143400008], [4.9223738940000885, 60.86749909100007]]}}, {"type": "Feature", "properties": {}, "geometry": {"type": "LineString", "coordinates": [[4.7214461600000845, 61.040228583000044], [4.7114363940000885, 61.04828522300005], [4.71461022200009, 61.06012604400007], [4.700043165000068, 61.08222077000005], [4.679698113000086, 61.07965729400007], [4.643809441000087, 61.05760325700004], [4.648692254000082, 61.02643463700008], [4.664886915000068, 61.01870351800005], [4.6803491550000444, 60.99713776200008], [4.70866946700005, 61.01972077000005], [4.701345248000052, 61.001613674000055], [4.706879102000073, 60.98851146000004], [4.7311304050000444, 60.99994538000004], [4.7390242850000845, 61.013739325000074], [4.7395939460000704, 61.02765534100007], [4.7214461600000845, 61.040228583000044]]}}, {"type": "Feature", "properties": {}, "geometry": {"type": "LineString", "coordinates": [[4.993400472934454, 62.0], [5.05437259200005, 61.972357489000046], [5.055837436000047, 61.958970445000034], [5.048350457000083, 61.952826239000046], [5.0247501960000704, 61.960191148000035], [5.015472852000073, 61.943426825000074], [5.075368686000047, 61.92719147300005], [5.112559441000087, 61.93691640800006], [5.150374002043616, 62.0]]}}, {"type": "Feature", "properties": {}, "geometry": {"type": "LineString", "coordinates": [[7.904144727000073, 54.18040599200003], [7.8991805350000845, 54.178168036000045], [7.879893425000091, 54.19391510600008], [7.894541863000086, 54.194647528000075], [7.904144727000073, 54.18040599200003]]}}, {"type": "Feature", "properties": {}, "geometry": {"type": "LineString", "coordinates": [[7.912364129000082, 54.192287502000056], [7.91765384200005, 54.18699778900003], [7.933441602000073, 54.189886786000045], [7.929860873000052, 54.195298570000034], [7.912364129000082, 54.192287502000056]]}}, {"type": "Feature", "properties": {}, "geometry": {"type": "LineString", "coordinates": [[5.764008009000065, 59.11786530200004], [5.6079207690000885, 59.134426174000055], [5.575205925000091, 59.12400950700004], [5.7507430350000845, 59.072333075000074], [5.7747501960000704, 59.08055247600004], [5.7758895190000885, 59.11273834800005], [5.764008009000065, 59.11786530200004]]}}, {"type": "Feature", "properties": {}, "geometry": {"type": "LineString", "coordinates": [[5.462087436000047, 59.21088288000004], [5.43921959700009, 59.22992584800005], [5.403819207000083, 59.24209219000005], [5.385101759000065, 59.23411692900004], [5.375336134000065, 59.218817450000074], [5.384776238000086, 59.195298570000034], [5.443207227000073, 59.15892161700003], [5.46461022200009, 59.18309153900003], [5.462087436000047, 59.21088288000004]]}}, {"type": "Feature", "properties": {}, "geometry": {"type": "LineString", "coordinates": [[6.0163680350000845, 59.292181708000044], [5.9524845710000704, 59.28392161700003], [5.932465040000068, 59.26898834800005], [5.929860873000052, 59.243475653000075], [5.958181186000047, 59.227850653000075], [6.05632571700005, 59.24070872600004], [6.091807488000086, 59.261419989000046], [6.099864129000082, 59.276556708000044], [6.0163680350000845, 59.292181708000044]]}}, {"type": "Feature", "properties": {}, "geometry": {"type": "LineString", "coordinates": [[22.49854576900009, 59.87763092700004], [22.457041863000086, 59.87299225500004], [22.41382897200009, 59.86123281500005], [22.416026238000086, 59.85293203300006], [22.443695509000065, 59.85146719000005], [22.512868686000047, 59.87372467700004], [22.49854576900009, 59.87763092700004]]}}, {"type": "Feature", "properties": {}, "geometry": {"type": "LineString", "coordinates": [[20.28131531100007, 59.97661612300004], [20.301908032000085, 59.99897521400004], [20.33944692500006, 60.020109724000065], [20.43674603700009, 60.00498941600006], [20.44705937100008, 59.99518055800007], [20.398575509000068, 59.98134905100005], [20.324819234000074, 59.97719531700005], [20.322365859000058, 59.96268552400005], [20.306648030000076, 59.95362434600008], [20.28370709400008, 59.95847545600003], [20.28131531100007, 59.97661612300004]]}}, {"type": "Feature", "properties": {}, "geometry": {"type": "LineString", "coordinates": [[20.033649523000065, 60.06362600400007], [20.06819326100009, 60.07265423500007], [20.101269174000038, 60.094974635000085], [20.163259320000066, 60.08784534100005], [20.193190627000035, 60.06556971100008], [20.225218278000057, 60.00547772200008], [20.17512091800006, 59.97143592200007], [20.18403657400006, 59.99293783500008], [20.171495088000086, 59.99875382600004], [20.12317881100006, 59.98887241600005], [20.10525492100004, 59.99646916900008], [20.121317588000068, 60.01662719500007], [20.104257697000037, 60.02824800500008], [20.02525632700008, 60.04248523600006], [20.033649523000065, 60.06362600400007]]}}, {"type": "Feature", "properties": {}, "geometry": {"type": "LineString", "coordinates": [[21.600433790000068, 60.25482819200005], [21.604665561000047, 60.268784898000035], [21.58692467500009, 60.26935455900008], [21.56226647200009, 60.239935614000046], [21.56348717500009, 60.226223049000055], [21.601735873000052, 60.22256094000005], [21.62671959700009, 60.25259023600006], [21.600433790000068, 60.25482819200005]]}}, {"type": "Feature", "properties": {}, "geometry": {"type": "LineString", "coordinates": [[21.088633660000085, 60.480129299000055], [21.064300977000073, 60.47435130400004], [21.059255405000044, 60.46674225500004], [21.06495201900009, 60.454779364000046], [21.088226759000065, 60.45221588700008], [21.09669030000009, 60.46344635600008], [21.088633660000085, 60.480129299000055]]}}, {"type": "Feature", "properties": {}, "geometry": {"type": "LineString", "coordinates": [[4.845876498000052, 60.628119208000044], [4.827321811000047, 60.63141510600008], [4.830332879000082, 60.64004140800006], [4.820567254000082, 60.65643952000005], [4.791270379000082, 60.666083075000074], [4.786143425000091, 60.648423570000034], [4.794932488000086, 60.61542389500005], [4.785411004000082, 60.61579010600008], [4.788910352000073, 60.59747955900008], [4.779470248000052, 60.598537502000056], [4.8209741550000444, 60.584418036000045], [4.843923373000052, 60.58974844000005], [4.840830925000091, 60.606756903000075], [4.851817254000082, 60.61420319200005], [4.845876498000052, 60.628119208000044]]}}, {"type": "Feature", "properties": {}, "geometry": {"type": "LineString", "coordinates": [[21.25953209700009, 60.85309479400007], [21.24586022200009, 60.84601471600007], [21.226573113000086, 60.84711334800005], [21.221527540000068, 60.85895416900007], [21.206553582000083, 60.86318594000005], [21.186289910000085, 60.85651276200008], [21.205332879000082, 60.84324778900003], [21.263194207000083, 60.83026764500005], [21.26734459700009, 60.85106028900003], [21.25953209700009, 60.85309479400007]]}}, {"type": "Feature", "properties": {}, "geometry": {"type": "LineString", "coordinates": [[21.421885613000086, 61.17674388200004], [21.38917076900009, 61.19220612200007], [21.391368035000085, 61.20962148600006], [21.380056186000047, 61.21401601800005], [21.342946811000047, 61.190619208000044], [21.352386915000068, 61.17601146000004], [21.388845248000052, 61.180975653000075], [21.431651238000086, 61.17145416900007], [21.421885613000086, 61.17674388200004]]}}, {"type": "Feature", "properties": {}, "geometry": {"type": "LineString", "coordinates": [[21.52125084700009, 61.633978583000044], [21.484548373000052, 61.64044830900008], [21.45997155000009, 61.629339911000045], [21.507823113000086, 61.618068752000056], [21.526133660000085, 61.62909577000005], [21.52125084700009, 61.633978583000044]]}}, {"type": "Feature", "properties": {}, "geometry": {"type": "LineString", "coordinates": [[4.836273634000065, 61.67454661700003], [4.865407748000052, 61.659369208000044], [4.892100457000083, 61.66278717700004], [4.9028426440000885, 61.65249258000006], [4.903493686000047, 61.67617422100005], [4.8774520190000885, 61.70099518400008], [4.879893425000091, 61.71198151200008], [4.870290561000047, 61.71466705900008], [4.858246290000068, 61.70221588700008], [4.832855665000068, 61.69578685100004], [4.836273634000065, 61.67454661700003]]}}]}